ISO-10303-21;
HEADER;
/* Generated by software containing ST-Developer
 * from STEP Tools, Inc. (www.steptools.com) 
 */

FILE_DESCRIPTION(
/* description */ (''),
/* implementation_level */ '2;1');

FILE_NAME(
/* name */ '9648c8d6-f230-42b9-b658-b6c26b61fab7.stp',
/* time_stamp */ '2026-04-06T05:12:12Z',
/* author */ (''),
/* organization */ (''),
/* preprocessor_version */ 'ST-DEVELOPER v20.1',
/* originating_system */ 'Autodesk Translation Framework v15.8.0.0',
/* authorisation */ '');

FILE_SCHEMA (('AUTOMOTIVE_DESIGN { 1 0 10303 214 3 1 1 }'));
ENDSEC;

DATA;
#10=MECHANICAL_DESIGN_GEOMETRIC_PRESENTATION_REPRESENTATION('',(#31,#32,
#33,#34),#3808);
#11=ITEM_DEFINED_TRANSFORMATION($,$,#2272,#2511);
#12=ITEM_DEFINED_TRANSFORMATION($,$,#2303,#2512);
#13=ITEM_DEFINED_TRANSFORMATION($,$,#2322,#2513);
#14=(
REPRESENTATION_RELATIONSHIP($,$,#3825,#3824)
REPRESENTATION_RELATIONSHIP_WITH_TRANSFORMATION(#11)
SHAPE_REPRESENTATION_RELATIONSHIP()
);
#15=(
REPRESENTATION_RELATIONSHIP($,$,#3826,#3824)
REPRESENTATION_RELATIONSHIP_WITH_TRANSFORMATION(#12)
SHAPE_REPRESENTATION_RELATIONSHIP()
);
#16=(
REPRESENTATION_RELATIONSHIP($,$,#3827,#3824)
REPRESENTATION_RELATIONSHIP_WITH_TRANSFORMATION(#13)
SHAPE_REPRESENTATION_RELATIONSHIP()
);
#17=CONTEXT_DEPENDENT_SHAPE_REPRESENTATION(#14,#3821);
#18=CONTEXT_DEPENDENT_SHAPE_REPRESENTATION(#15,#3822);
#19=CONTEXT_DEPENDENT_SHAPE_REPRESENTATION(#16,#3823);
#20=NEXT_ASSEMBLY_USAGE_OCCURRENCE('jetson_orin_case v11:1',
'jetson_orin_case v11:1','jetson_orin_case v11:1',#3829,#3830,
'jetson_orin_case v11:1');
#21=NEXT_ASSEMBLY_USAGE_OCCURRENCE('power_supply_base v8:1',
'power_supply_base v8:1','power_supply_base v8:1',#3829,#3831,
'power_supply_base v8:1');
#22=NEXT_ASSEMBLY_USAGE_OCCURRENCE('motor_driver v2:1',
'motor_driver v2:1','motor_driver v2:1',#3829,#3832,'motor_driver v2:1');
#23=SHAPE_REPRESENTATION_RELATIONSHIP('SRR','None',#3825,#27);
#24=SHAPE_REPRESENTATION_RELATIONSHIP('SRR','None',#3826,#28);
#25=SHAPE_REPRESENTATION_RELATIONSHIP('SRR','None',#3827,#29);
#26=SHAPE_REPRESENTATION_RELATIONSHIP('SRR','None',#3824,#30);
#27=ADVANCED_BREP_SHAPE_REPRESENTATION('',(#35),#3805);
#28=ADVANCED_BREP_SHAPE_REPRESENTATION('',(#36),#3806);
#29=ADVANCED_BREP_SHAPE_REPRESENTATION('',(#37),#3807);
#30=ADVANCED_BREP_SHAPE_REPRESENTATION('',(#38),#3804);
#31=STYLED_ITEM('',(#3849),#35);
#32=STYLED_ITEM('',(#3849),#36);
#33=STYLED_ITEM('',(#3849),#37);
#34=STYLED_ITEM('',(#3848),#38);
#35=MANIFOLD_SOLID_BREP('Body1',#2233);
#36=MANIFOLD_SOLID_BREP('Body1',#2234);
#37=MANIFOLD_SOLID_BREP('Body1',#2235);
#38=MANIFOLD_SOLID_BREP('Body1',#2236);
#39=FACE_BOUND('',#299,.T.);
#40=FACE_BOUND('',#300,.T.);
#41=FACE_BOUND('',#306,.T.);
#42=FACE_BOUND('',#307,.T.);
#43=FACE_BOUND('',#308,.T.);
#44=FACE_BOUND('',#309,.T.);
#45=FACE_BOUND('',#319,.T.);
#46=FACE_BOUND('',#320,.T.);
#47=FACE_BOUND('',#321,.T.);
#48=FACE_BOUND('',#322,.T.);
#49=FACE_BOUND('',#324,.T.);
#50=FACE_BOUND('',#325,.T.);
#51=FACE_BOUND('',#326,.T.);
#52=FACE_BOUND('',#327,.T.);
#53=FACE_BOUND('',#341,.T.);
#54=FACE_BOUND('',#342,.T.);
#55=FACE_BOUND('',#343,.T.);
#56=FACE_BOUND('',#344,.T.);
#57=FACE_BOUND('',#346,.T.);
#58=FACE_BOUND('',#347,.T.);
#59=FACE_BOUND('',#348,.T.);
#60=FACE_BOUND('',#349,.T.);
#61=FACE_BOUND('',#367,.T.);
#62=FACE_BOUND('',#368,.T.);
#63=FACE_BOUND('',#369,.T.);
#64=FACE_BOUND('',#370,.T.);
#65=FACE_BOUND('',#371,.T.);
#66=FACE_BOUND('',#372,.T.);
#67=FACE_BOUND('',#373,.T.);
#68=FACE_BOUND('',#374,.T.);
#69=FACE_BOUND('',#375,.T.);
#70=FACE_BOUND('',#376,.T.);
#71=FACE_BOUND('',#377,.T.);
#72=FACE_BOUND('',#378,.T.);
#73=FACE_BOUND('',#379,.T.);
#74=FACE_BOUND('',#380,.T.);
#75=FACE_BOUND('',#381,.T.);
#76=FACE_BOUND('',#382,.T.);
#77=FACE_BOUND('',#383,.T.);
#78=FACE_BOUND('',#384,.T.);
#79=FACE_BOUND('',#385,.T.);
#80=FACE_BOUND('',#386,.T.);
#81=FACE_BOUND('',#387,.T.);
#82=FACE_BOUND('',#388,.T.);
#83=FACE_BOUND('',#389,.T.);
#84=FACE_BOUND('',#390,.T.);
#85=FACE_BOUND('',#391,.T.);
#86=FACE_BOUND('',#392,.T.);
#87=FACE_BOUND('',#393,.T.);
#88=FACE_BOUND('',#394,.T.);
#89=FACE_BOUND('',#395,.T.);
#90=FACE_BOUND('',#397,.T.);
#91=FACE_BOUND('',#398,.T.);
#92=FACE_BOUND('',#399,.T.);
#93=FACE_BOUND('',#400,.T.);
#94=FACE_BOUND('',#401,.T.);
#95=FACE_BOUND('',#402,.T.);
#96=FACE_BOUND('',#403,.T.);
#97=FACE_BOUND('',#404,.T.);
#98=FACE_BOUND('',#405,.T.);
#99=FACE_BOUND('',#406,.T.);
#100=FACE_BOUND('',#407,.T.);
#101=FACE_BOUND('',#408,.T.);
#102=FACE_BOUND('',#409,.T.);
#103=FACE_BOUND('',#410,.T.);
#104=FACE_BOUND('',#411,.T.);
#105=FACE_BOUND('',#412,.T.);
#106=FACE_BOUND('',#413,.T.);
#107=FACE_BOUND('',#414,.T.);
#108=FACE_BOUND('',#415,.T.);
#109=FACE_BOUND('',#416,.T.);
#110=FACE_BOUND('',#417,.T.);
#111=FACE_BOUND('',#418,.T.);
#112=FACE_BOUND('',#419,.T.);
#113=FACE_BOUND('',#420,.T.);
#114=FACE_BOUND('',#421,.T.);
#115=FACE_BOUND('',#422,.T.);
#116=FACE_BOUND('',#423,.T.);
#117=FACE_BOUND('',#424,.T.);
#118=FACE_BOUND('',#425,.T.);
#119=PLANE('',#2276);
#120=PLANE('',#2280);
#121=PLANE('',#2284);
#122=PLANE('',#2288);
#123=PLANE('',#2292);
#124=PLANE('',#2296);
#125=PLANE('',#2297);
#126=PLANE('',#2298);
#127=PLANE('',#2299);
#128=PLANE('',#2300);
#129=PLANE('',#2301);
#130=PLANE('',#2302);
#131=PLANE('',#2316);
#132=PLANE('',#2317);
#133=PLANE('',#2318);
#134=PLANE('',#2319);
#135=PLANE('',#2320);
#136=PLANE('',#2321);
#137=PLANE('',#2323);
#138=PLANE('',#2324);
#139=PLANE('',#2325);
#140=PLANE('',#2326);
#141=PLANE('',#2339);
#142=PLANE('',#2340);
#143=PLANE('',#2341);
#144=PLANE('',#2342);
#145=PLANE('',#2343);
#146=PLANE('',#2344);
#147=PLANE('',#2393);
#148=PLANE('',#2425);
#149=PLANE('',#2457);
#150=PLANE('',#2458);
#151=PLANE('',#2460);
#152=PLANE('',#2462);
#153=PLANE('',#2463);
#154=PLANE('',#2465);
#155=PLANE('',#2466);
#156=PLANE('',#2468);
#157=PLANE('',#2470);
#158=PLANE('',#2472);
#159=PLANE('',#2474);
#160=PLANE('',#2488);
#161=PLANE('',#2490);
#162=PLANE('',#2492);
#163=PLANE('',#2494);
#164=PLANE('',#2496);
#165=PLANE('',#2498);
#166=PLANE('',#2500);
#167=PLANE('',#2502);
#168=PLANE('',#2504);
#169=PLANE('',#2506);
#170=PLANE('',#2508);
#171=PLANE('',#2510);
#172=FACE_OUTER_BOUND('',#286,.T.);
#173=FACE_OUTER_BOUND('',#287,.T.);
#174=FACE_OUTER_BOUND('',#288,.T.);
#175=FACE_OUTER_BOUND('',#289,.T.);
#176=FACE_OUTER_BOUND('',#290,.T.);
#177=FACE_OUTER_BOUND('',#291,.T.);
#178=FACE_OUTER_BOUND('',#292,.T.);
#179=FACE_OUTER_BOUND('',#293,.T.);
#180=FACE_OUTER_BOUND('',#294,.T.);
#181=FACE_OUTER_BOUND('',#295,.T.);
#182=FACE_OUTER_BOUND('',#296,.T.);
#183=FACE_OUTER_BOUND('',#297,.T.);
#184=FACE_OUTER_BOUND('',#298,.T.);
#185=FACE_OUTER_BOUND('',#301,.T.);
#186=FACE_OUTER_BOUND('',#302,.T.);
#187=FACE_OUTER_BOUND('',#303,.T.);
#188=FACE_OUTER_BOUND('',#304,.T.);
#189=FACE_OUTER_BOUND('',#305,.T.);
#190=FACE_OUTER_BOUND('',#310,.T.);
#191=FACE_OUTER_BOUND('',#311,.T.);
#192=FACE_OUTER_BOUND('',#312,.T.);
#193=FACE_OUTER_BOUND('',#313,.T.);
#194=FACE_OUTER_BOUND('',#314,.T.);
#195=FACE_OUTER_BOUND('',#315,.T.);
#196=FACE_OUTER_BOUND('',#316,.T.);
#197=FACE_OUTER_BOUND('',#317,.T.);
#198=FACE_OUTER_BOUND('',#318,.T.);
#199=FACE_OUTER_BOUND('',#323,.T.);
#200=FACE_OUTER_BOUND('',#328,.T.);
#201=FACE_OUTER_BOUND('',#329,.T.);
#202=FACE_OUTER_BOUND('',#330,.T.);
#203=FACE_OUTER_BOUND('',#331,.T.);
#204=FACE_OUTER_BOUND('',#332,.T.);
#205=FACE_OUTER_BOUND('',#333,.T.);
#206=FACE_OUTER_BOUND('',#334,.T.);
#207=FACE_OUTER_BOUND('',#335,.T.);
#208=FACE_OUTER_BOUND('',#336,.T.);
#209=FACE_OUTER_BOUND('',#337,.T.);
#210=FACE_OUTER_BOUND('',#338,.T.);
#211=FACE_OUTER_BOUND('',#339,.T.);
#212=FACE_OUTER_BOUND('',#340,.T.);
#213=FACE_OUTER_BOUND('',#345,.T.);
#214=FACE_OUTER_BOUND('',#350,.T.);
#215=FACE_OUTER_BOUND('',#351,.T.);
#216=FACE_OUTER_BOUND('',#352,.T.);
#217=FACE_OUTER_BOUND('',#353,.T.);
#218=FACE_OUTER_BOUND('',#354,.T.);
#219=FACE_OUTER_BOUND('',#355,.T.);
#220=FACE_OUTER_BOUND('',#356,.T.);
#221=FACE_OUTER_BOUND('',#357,.T.);
#222=FACE_OUTER_BOUND('',#358,.T.);
#223=FACE_OUTER_BOUND('',#359,.T.);
#224=FACE_OUTER_BOUND('',#360,.T.);
#225=FACE_OUTER_BOUND('',#361,.T.);
#226=FACE_OUTER_BOUND('',#362,.T.);
#227=FACE_OUTER_BOUND('',#363,.T.);
#228=FACE_OUTER_BOUND('',#364,.T.);
#229=FACE_OUTER_BOUND('',#365,.T.);
#230=FACE_OUTER_BOUND('',#366,.T.);
#231=FACE_OUTER_BOUND('',#396,.T.);
#232=FACE_OUTER_BOUND('',#426,.T.);
#233=FACE_OUTER_BOUND('',#427,.T.);
#234=FACE_OUTER_BOUND('',#428,.T.);
#235=FACE_OUTER_BOUND('',#429,.T.);
#236=FACE_OUTER_BOUND('',#430,.T.);
#237=FACE_OUTER_BOUND('',#431,.T.);
#238=FACE_OUTER_BOUND('',#432,.T.);
#239=FACE_OUTER_BOUND('',#433,.T.);
#240=FACE_OUTER_BOUND('',#434,.T.);
#241=FACE_OUTER_BOUND('',#435,.T.);
#242=FACE_OUTER_BOUND('',#436,.T.);
#243=FACE_OUTER_BOUND('',#437,.T.);
#244=FACE_OUTER_BOUND('',#438,.T.);
#245=FACE_OUTER_BOUND('',#439,.T.);
#246=FACE_OUTER_BOUND('',#440,.T.);
#247=FACE_OUTER_BOUND('',#441,.T.);
#248=FACE_OUTER_BOUND('',#442,.T.);
#249=FACE_OUTER_BOUND('',#443,.T.);
#250=FACE_OUTER_BOUND('',#444,.T.);
#251=FACE_OUTER_BOUND('',#445,.T.);
#252=FACE_OUTER_BOUND('',#446,.T.);
#253=FACE_OUTER_BOUND('',#447,.T.);
#254=FACE_OUTER_BOUND('',#448,.T.);
#255=FACE_OUTER_BOUND('',#449,.T.);
#256=FACE_OUTER_BOUND('',#450,.T.);
#257=FACE_OUTER_BOUND('',#451,.T.);
#258=FACE_OUTER_BOUND('',#452,.T.);
#259=FACE_OUTER_BOUND('',#453,.T.);
#260=FACE_OUTER_BOUND('',#454,.T.);
#261=FACE_OUTER_BOUND('',#455,.T.);
#262=FACE_OUTER_BOUND('',#456,.T.);
#263=FACE_OUTER_BOUND('',#457,.T.);
#264=FACE_OUTER_BOUND('',#458,.T.);
#265=FACE_OUTER_BOUND('',#459,.T.);
#266=FACE_OUTER_BOUND('',#460,.T.);
#267=FACE_OUTER_BOUND('',#461,.T.);
#268=FACE_OUTER_BOUND('',#462,.T.);
#269=FACE_OUTER_BOUND('',#463,.T.);
#270=FACE_OUTER_BOUND('',#464,.T.);
#271=FACE_OUTER_BOUND('',#465,.T.);
#272=FACE_OUTER_BOUND('',#466,.T.);
#273=FACE_OUTER_BOUND('',#467,.T.);
#274=FACE_OUTER_BOUND('',#468,.T.);
#275=FACE_OUTER_BOUND('',#469,.T.);
#276=FACE_OUTER_BOUND('',#470,.T.);
#277=FACE_OUTER_BOUND('',#471,.T.);
#278=FACE_OUTER_BOUND('',#472,.T.);
#279=FACE_OUTER_BOUND('',#473,.T.);
#280=FACE_OUTER_BOUND('',#474,.T.);
#281=FACE_OUTER_BOUND('',#475,.T.);
#282=FACE_OUTER_BOUND('',#476,.T.);
#283=FACE_OUTER_BOUND('',#477,.T.);
#284=FACE_OUTER_BOUND('',#478,.T.);
#285=FACE_OUTER_BOUND('',#479,.T.);
#286=EDGE_LOOP('',(#1458,#1459,#1460,#1461));
#287=EDGE_LOOP('',(#1462));
#288=EDGE_LOOP('',(#1463,#1464,#1465,#1466));
#289=EDGE_LOOP('',(#1467));
#290=EDGE_LOOP('',(#1468,#1469,#1470,#1471));
#291=EDGE_LOOP('',(#1472));
#292=EDGE_LOOP('',(#1473,#1474,#1475,#1476));
#293=EDGE_LOOP('',(#1477));
#294=EDGE_LOOP('',(#1478,#1479,#1480,#1481));
#295=EDGE_LOOP('',(#1482));
#296=EDGE_LOOP('',(#1483,#1484,#1485,#1486));
#297=EDGE_LOOP('',(#1487));
#298=EDGE_LOOP('',(#1488,#1489,#1490,#1491));
#299=EDGE_LOOP('',(#1492));
#300=EDGE_LOOP('',(#1493));
#301=EDGE_LOOP('',(#1494,#1495,#1496,#1497));
#302=EDGE_LOOP('',(#1498,#1499,#1500,#1501));
#303=EDGE_LOOP('',(#1502,#1503,#1504,#1505));
#304=EDGE_LOOP('',(#1506,#1507,#1508,#1509));
#305=EDGE_LOOP('',(#1510,#1511,#1512,#1513));
#306=EDGE_LOOP('',(#1514));
#307=EDGE_LOOP('',(#1515));
#308=EDGE_LOOP('',(#1516));
#309=EDGE_LOOP('',(#1517));
#310=EDGE_LOOP('',(#1518,#1519,#1520,#1521));
#311=EDGE_LOOP('',(#1522,#1523,#1524,#1525));
#312=EDGE_LOOP('',(#1526,#1527,#1528,#1529));
#313=EDGE_LOOP('',(#1530,#1531,#1532,#1533));
#314=EDGE_LOOP('',(#1534,#1535,#1536,#1537));
#315=EDGE_LOOP('',(#1538,#1539,#1540,#1541));
#316=EDGE_LOOP('',(#1542,#1543,#1544,#1545));
#317=EDGE_LOOP('',(#1546,#1547,#1548,#1549));
#318=EDGE_LOOP('',(#1550,#1551,#1552,#1553));
#319=EDGE_LOOP('',(#1554));
#320=EDGE_LOOP('',(#1555));
#321=EDGE_LOOP('',(#1556));
#322=EDGE_LOOP('',(#1557));
#323=EDGE_LOOP('',(#1558,#1559,#1560,#1561));
#324=EDGE_LOOP('',(#1562));
#325=EDGE_LOOP('',(#1563));
#326=EDGE_LOOP('',(#1564));
#327=EDGE_LOOP('',(#1565));
#328=EDGE_LOOP('',(#1566,#1567,#1568,#1569));
#329=EDGE_LOOP('',(#1570,#1571,#1572,#1573));
#330=EDGE_LOOP('',(#1574,#1575,#1576,#1577));
#331=EDGE_LOOP('',(#1578,#1579,#1580,#1581));
#332=EDGE_LOOP('',(#1582,#1583,#1584,#1585));
#333=EDGE_LOOP('',(#1586,#1587,#1588,#1589));
#334=EDGE_LOOP('',(#1590,#1591,#1592,#1593));
#335=EDGE_LOOP('',(#1594,#1595,#1596,#1597));
#336=EDGE_LOOP('',(#1598,#1599,#1600,#1601));
#337=EDGE_LOOP('',(#1602,#1603,#1604,#1605));
#338=EDGE_LOOP('',(#1606,#1607,#1608,#1609,#1610,#1611,#1612,#1613));
#339=EDGE_LOOP('',(#1614,#1615,#1616,#1617));
#340=EDGE_LOOP('',(#1618,#1619,#1620,#1621));
#341=EDGE_LOOP('',(#1622));
#342=EDGE_LOOP('',(#1623));
#343=EDGE_LOOP('',(#1624));
#344=EDGE_LOOP('',(#1625));
#345=EDGE_LOOP('',(#1626,#1627,#1628,#1629,#1630,#1631,#1632,#1633));
#346=EDGE_LOOP('',(#1634));
#347=EDGE_LOOP('',(#1635));
#348=EDGE_LOOP('',(#1636));
#349=EDGE_LOOP('',(#1637));
#350=EDGE_LOOP('',(#1638,#1639,#1640,#1641));
#351=EDGE_LOOP('',(#1642,#1643,#1644,#1645));
#352=EDGE_LOOP('',(#1646,#1647,#1648,#1649));
#353=EDGE_LOOP('',(#1650,#1651,#1652,#1653));
#354=EDGE_LOOP('',(#1654,#1655,#1656,#1657));
#355=EDGE_LOOP('',(#1658,#1659,#1660,#1661));
#356=EDGE_LOOP('',(#1662,#1663,#1664,#1665));
#357=EDGE_LOOP('',(#1666,#1667,#1668,#1669));
#358=EDGE_LOOP('',(#1670,#1671,#1672,#1673));
#359=EDGE_LOOP('',(#1674,#1675,#1676,#1677));
#360=EDGE_LOOP('',(#1678,#1679,#1680,#1681));
#361=EDGE_LOOP('',(#1682,#1683,#1684,#1685));
#362=EDGE_LOOP('',(#1686,#1687,#1688,#1689));
#363=EDGE_LOOP('',(#1690,#1691,#1692,#1693));
#364=EDGE_LOOP('',(#1694,#1695,#1696,#1697));
#365=EDGE_LOOP('',(#1698,#1699,#1700,#1701));
#366=EDGE_LOOP('',(#1702,#1703,#1704,#1705,#1706,#1707,#1708,#1709,#1710,
#1711,#1712,#1713,#1714,#1715,#1716,#1717,#1718,#1719,#1720,#1721,#1722,
#1723,#1724,#1725));
#367=EDGE_LOOP('',(#1726));
#368=EDGE_LOOP('',(#1727));
#369=EDGE_LOOP('',(#1728));
#370=EDGE_LOOP('',(#1729));
#371=EDGE_LOOP('',(#1730));
#372=EDGE_LOOP('',(#1731));
#373=EDGE_LOOP('',(#1732));
#374=EDGE_LOOP('',(#1733));
#375=EDGE_LOOP('',(#1734));
#376=EDGE_LOOP('',(#1735));
#377=EDGE_LOOP('',(#1736));
#378=EDGE_LOOP('',(#1737));
#379=EDGE_LOOP('',(#1738,#1739,#1740,#1741));
#380=EDGE_LOOP('',(#1742,#1743,#1744,#1745,#1746,#1747));
#381=EDGE_LOOP('',(#1748));
#382=EDGE_LOOP('',(#1749));
#383=EDGE_LOOP('',(#1750));
#384=EDGE_LOOP('',(#1751));
#385=EDGE_LOOP('',(#1752));
#386=EDGE_LOOP('',(#1753));
#387=EDGE_LOOP('',(#1754));
#388=EDGE_LOOP('',(#1755));
#389=EDGE_LOOP('',(#1756));
#390=EDGE_LOOP('',(#1757));
#391=EDGE_LOOP('',(#1758));
#392=EDGE_LOOP('',(#1759));
#393=EDGE_LOOP('',(#1760,#1761,#1762,#1763));
#394=EDGE_LOOP('',(#1764,#1765,#1766,#1767));
#395=EDGE_LOOP('',(#1768,#1769,#1770,#1771));
#396=EDGE_LOOP('',(#1772,#1773,#1774,#1775,#1776,#1777,#1778,#1779,#1780,
#1781,#1782,#1783,#1784,#1785,#1786,#1787,#1788,#1789,#1790,#1791,#1792,
#1793,#1794,#1795));
#397=EDGE_LOOP('',(#1796));
#398=EDGE_LOOP('',(#1797));
#399=EDGE_LOOP('',(#1798));
#400=EDGE_LOOP('',(#1799));
#401=EDGE_LOOP('',(#1800));
#402=EDGE_LOOP('',(#1801));
#403=EDGE_LOOP('',(#1802));
#404=EDGE_LOOP('',(#1803));
#405=EDGE_LOOP('',(#1804));
#406=EDGE_LOOP('',(#1805));
#407=EDGE_LOOP('',(#1806));
#408=EDGE_LOOP('',(#1807));
#409=EDGE_LOOP('',(#1808,#1809,#1810,#1811));
#410=EDGE_LOOP('',(#1812,#1813,#1814,#1815));
#411=EDGE_LOOP('',(#1816,#1817,#1818,#1819));
#412=EDGE_LOOP('',(#1820,#1821,#1822,#1823,#1824,#1825));
#413=EDGE_LOOP('',(#1826));
#414=EDGE_LOOP('',(#1827));
#415=EDGE_LOOP('',(#1828));
#416=EDGE_LOOP('',(#1829));
#417=EDGE_LOOP('',(#1830));
#418=EDGE_LOOP('',(#1831));
#419=EDGE_LOOP('',(#1832));
#420=EDGE_LOOP('',(#1833));
#421=EDGE_LOOP('',(#1834));
#422=EDGE_LOOP('',(#1835));
#423=EDGE_LOOP('',(#1836));
#424=EDGE_LOOP('',(#1837));
#425=EDGE_LOOP('',(#1838,#1839,#1840,#1841));
#426=EDGE_LOOP('',(#1842,#1843,#1844,#1845));
#427=EDGE_LOOP('',(#1846,#1847,#1848,#1849));
#428=EDGE_LOOP('',(#1850,#1851,#1852,#1853));
#429=EDGE_LOOP('',(#1854,#1855,#1856,#1857));
#430=EDGE_LOOP('',(#1858,#1859,#1860,#1861));
#431=EDGE_LOOP('',(#1862,#1863,#1864,#1865));
#432=EDGE_LOOP('',(#1866,#1867,#1868,#1869));
#433=EDGE_LOOP('',(#1870,#1871,#1872,#1873));
#434=EDGE_LOOP('',(#1874,#1875,#1876,#1877));
#435=EDGE_LOOP('',(#1878,#1879,#1880,#1881));
#436=EDGE_LOOP('',(#1882,#1883,#1884,#1885));
#437=EDGE_LOOP('',(#1886,#1887,#1888,#1889));
#438=EDGE_LOOP('',(#1890,#1891,#1892,#1893));
#439=EDGE_LOOP('',(#1894,#1895,#1896,#1897));
#440=EDGE_LOOP('',(#1898,#1899,#1900,#1901));
#441=EDGE_LOOP('',(#1902,#1903,#1904,#1905));
#442=EDGE_LOOP('',(#1906,#1907,#1908,#1909));
#443=EDGE_LOOP('',(#1910,#1911,#1912,#1913));
#444=EDGE_LOOP('',(#1914,#1915,#1916,#1917));
#445=EDGE_LOOP('',(#1918,#1919,#1920,#1921));
#446=EDGE_LOOP('',(#1922,#1923,#1924,#1925));
#447=EDGE_LOOP('',(#1926,#1927,#1928,#1929));
#448=EDGE_LOOP('',(#1930,#1931,#1932,#1933));
#449=EDGE_LOOP('',(#1934,#1935,#1936,#1937));
#450=EDGE_LOOP('',(#1938,#1939,#1940,#1941));
#451=EDGE_LOOP('',(#1942,#1943,#1944,#1945));
#452=EDGE_LOOP('',(#1946,#1947,#1948,#1949));
#453=EDGE_LOOP('',(#1950,#1951,#1952,#1953));
#454=EDGE_LOOP('',(#1954,#1955,#1956,#1957));
#455=EDGE_LOOP('',(#1958,#1959,#1960,#1961));
#456=EDGE_LOOP('',(#1962,#1963,#1964,#1965));
#457=EDGE_LOOP('',(#1966,#1967,#1968,#1969));
#458=EDGE_LOOP('',(#1970,#1971,#1972,#1973));
#459=EDGE_LOOP('',(#1974,#1975,#1976,#1977));
#460=EDGE_LOOP('',(#1978,#1979,#1980,#1981));
#461=EDGE_LOOP('',(#1982,#1983,#1984,#1985));
#462=EDGE_LOOP('',(#1986,#1987,#1988,#1989));
#463=EDGE_LOOP('',(#1990,#1991,#1992,#1993));
#464=EDGE_LOOP('',(#1994,#1995,#1996,#1997));
#465=EDGE_LOOP('',(#1998,#1999,#2000,#2001));
#466=EDGE_LOOP('',(#2002,#2003,#2004,#2005));
#467=EDGE_LOOP('',(#2006,#2007,#2008,#2009));
#468=EDGE_LOOP('',(#2010,#2011,#2012,#2013));
#469=EDGE_LOOP('',(#2014,#2015,#2016,#2017));
#470=EDGE_LOOP('',(#2018,#2019,#2020,#2021));
#471=EDGE_LOOP('',(#2022,#2023,#2024,#2025));
#472=EDGE_LOOP('',(#2026,#2027,#2028,#2029));
#473=EDGE_LOOP('',(#2030,#2031,#2032,#2033));
#474=EDGE_LOOP('',(#2034,#2035,#2036,#2037));
#475=EDGE_LOOP('',(#2038,#2039,#2040,#2041));
#476=EDGE_LOOP('',(#2042,#2043,#2044,#2045));
#477=EDGE_LOOP('',(#2046,#2047,#2048,#2049));
#478=EDGE_LOOP('',(#2050,#2051,#2052,#2053));
#479=EDGE_LOOP('',(#2054,#2055,#2056,#2057));
#480=LINE('',#3184,#658);
#481=LINE('',#3191,#659);
#482=LINE('',#3198,#660);
#483=LINE('',#3205,#661);
#484=LINE('',#3212,#662);
#485=LINE('',#3219,#663);
#486=LINE('',#3225,#664);
#487=LINE('',#3227,#665);
#488=LINE('',#3229,#666);
#489=LINE('',#3230,#667);
#490=LINE('',#3233,#668);
#491=LINE('',#3235,#669);
#492=LINE('',#3236,#670);
#493=LINE('',#3239,#671);
#494=LINE('',#3241,#672);
#495=LINE('',#3242,#673);
#496=LINE('',#3244,#674);
#497=LINE('',#3245,#675);
#498=LINE('',#3253,#676);
#499=LINE('',#3259,#677);
#500=LINE('',#3265,#678);
#501=LINE('',#3271,#679);
#502=LINE('',#3276,#680);
#503=LINE('',#3278,#681);
#504=LINE('',#3280,#682);
#505=LINE('',#3281,#683);
#506=LINE('',#3284,#684);
#507=LINE('',#3286,#685);
#508=LINE('',#3287,#686);
#509=LINE('',#3290,#687);
#510=LINE('',#3292,#688);
#511=LINE('',#3293,#689);
#512=LINE('',#3295,#690);
#513=LINE('',#3296,#691);
#514=LINE('',#3303,#692);
#515=LINE('',#3305,#693);
#516=LINE('',#3307,#694);
#517=LINE('',#3308,#695);
#518=LINE('',#3312,#696);
#519=LINE('',#3314,#697);
#520=LINE('',#3316,#698);
#521=LINE('',#3317,#699);
#522=LINE('',#3319,#700);
#523=LINE('',#3320,#701);
#524=LINE('',#3322,#702);
#525=LINE('',#3327,#703);
#526=LINE('',#3333,#704);
#527=LINE('',#3339,#705);
#528=LINE('',#3345,#706);
#529=LINE('',#3350,#707);
#530=LINE('',#3352,#708);
#531=LINE('',#3354,#709);
#532=LINE('',#3355,#710);
#533=LINE('',#3358,#711);
#534=LINE('',#3360,#712);
#535=LINE('',#3361,#713);
#536=LINE('',#3363,#714);
#537=LINE('',#3365,#715);
#538=LINE('',#3367,#716);
#539=LINE('',#3368,#717);
#540=LINE('',#3370,#718);
#541=LINE('',#3371,#719);
#542=LINE('',#3378,#720);
#543=LINE('',#3384,#721);
#544=LINE('',#3390,#722);
#545=LINE('',#3396,#723);
#546=LINE('',#3402,#724);
#547=LINE('',#3408,#725);
#548=LINE('',#3414,#726);
#549=LINE('',#3420,#727);
#550=LINE('',#3426,#728);
#551=LINE('',#3432,#729);
#552=LINE('',#3438,#730);
#553=LINE('',#3444,#731);
#554=LINE('',#3451,#732);
#555=LINE('',#3454,#733);
#556=LINE('',#3460,#734);
#557=LINE('',#3463,#735);
#558=LINE('',#3469,#736);
#559=LINE('',#3472,#737);
#560=LINE('',#3478,#738);
#561=LINE('',#3481,#739);
#562=LINE('',#3485,#740);
#563=LINE('',#3489,#741);
#564=LINE('',#3493,#742);
#565=LINE('',#3497,#743);
#566=LINE('',#3501,#744);
#567=LINE('',#3505,#745);
#568=LINE('',#3509,#746);
#569=LINE('',#3513,#747);
#570=LINE('',#3517,#748);
#571=LINE('',#3521,#749);
#572=LINE('',#3525,#750);
#573=LINE('',#3529,#751);
#574=LINE('',#3532,#752);
#575=LINE('',#3534,#753);
#576=LINE('',#3538,#754);
#577=LINE('',#3542,#755);
#578=LINE('',#3546,#756);
#579=LINE('',#3573,#757);
#580=LINE('',#3576,#758);
#581=LINE('',#3578,#759);
#582=LINE('',#3581,#760);
#583=LINE('',#3583,#761);
#584=LINE('',#3586,#762);
#585=LINE('',#3590,#763);
#586=LINE('',#3594,#764);
#587=LINE('',#3598,#765);
#588=LINE('',#3602,#766);
#589=LINE('',#3606,#767);
#590=LINE('',#3610,#768);
#591=LINE('',#3614,#769);
#592=LINE('',#3618,#770);
#593=LINE('',#3622,#771);
#594=LINE('',#3626,#772);
#595=LINE('',#3630,#773);
#596=LINE('',#3634,#774);
#597=LINE('',#3637,#775);
#598=LINE('',#3639,#776);
#599=LINE('',#3642,#777);
#600=LINE('',#3644,#778);
#601=LINE('',#3647,#779);
#602=LINE('',#3649,#780);
#603=LINE('',#3653,#781);
#604=LINE('',#3657,#782);
#605=LINE('',#3661,#783);
#606=LINE('',#3688,#784);
#607=LINE('',#3691,#785);
#608=LINE('',#3693,#786);
#609=LINE('',#3695,#787);
#610=LINE('',#3698,#788);
#611=LINE('',#3700,#789);
#612=LINE('',#3703,#790);
#613=LINE('',#3705,#791);
#614=LINE('',#3708,#792);
#615=LINE('',#3710,#793);
#616=LINE('',#3713,#794);
#617=LINE('',#3714,#795);
#618=LINE('',#3716,#796);
#619=LINE('',#3718,#797);
#620=LINE('',#3720,#798);
#621=LINE('',#3722,#799);
#622=LINE('',#3725,#800);
#623=LINE('',#3727,#801);
#624=LINE('',#3729,#802);
#625=LINE('',#3731,#803);
#626=LINE('',#3733,#804);
#627=LINE('',#3735,#805);
#628=LINE('',#3737,#806);
#629=LINE('',#3739,#807);
#630=LINE('',#3741,#808);
#631=LINE('',#3743,#809);
#632=LINE('',#3745,#810);
#633=LINE('',#3747,#811);
#634=LINE('',#3749,#812);
#635=LINE('',#3750,#813);
#636=LINE('',#3752,#814);
#637=LINE('',#3754,#815);
#638=LINE('',#3756,#816);
#639=LINE('',#3758,#817);
#640=LINE('',#3760,#818);
#641=LINE('',#3762,#819);
#642=LINE('',#3764,#820);
#643=LINE('',#3766,#821);
#644=LINE('',#3768,#822);
#645=LINE('',#3770,#823);
#646=LINE('',#3772,#824);
#647=LINE('',#3774,#825);
#648=LINE('',#3776,#826);
#649=LINE('',#3778,#827);
#650=LINE('',#3780,#828);
#651=LINE('',#3782,#829);
#652=LINE('',#3784,#830);
#653=LINE('',#3786,#831);
#654=LINE('',#3788,#832);
#655=LINE('',#3790,#833);
#656=LINE('',#3792,#834);
#657=LINE('',#3794,#835);
#658=VECTOR('',#2522,3.1);
#659=VECTOR('',#2531,3.1);
#660=VECTOR('',#2540,1.25);
#661=VECTOR('',#2549,1.25);
#662=VECTOR('',#2558,1.25);
#663=VECTOR('',#2567,1.25);
#664=VECTOR('',#2574,10.);
#665=VECTOR('',#2575,10.);
#666=VECTOR('',#2576,10.);
#667=VECTOR('',#2577,10.);
#668=VECTOR('',#2580,10.);
#669=VECTOR('',#2581,10.);
#670=VECTOR('',#2582,10.);
#671=VECTOR('',#2585,10.);
#672=VECTOR('',#2586,10.);
#673=VECTOR('',#2587,10.);
#674=VECTOR('',#2590,10.);
#675=VECTOR('',#2591,10.);
#676=VECTOR('',#2602,1.75);
#677=VECTOR('',#2609,1.75);
#678=VECTOR('',#2616,1.75);
#679=VECTOR('',#2623,1.75);
#680=VECTOR('',#2628,10.);
#681=VECTOR('',#2629,10.);
#682=VECTOR('',#2630,10.);
#683=VECTOR('',#2631,10.);
#684=VECTOR('',#2634,10.);
#685=VECTOR('',#2635,10.);
#686=VECTOR('',#2636,10.);
#687=VECTOR('',#2639,10.);
#688=VECTOR('',#2640,10.);
#689=VECTOR('',#2641,10.);
#690=VECTOR('',#2644,10.);
#691=VECTOR('',#2645,10.);
#692=VECTOR('',#2654,10.);
#693=VECTOR('',#2655,10.);
#694=VECTOR('',#2656,10.);
#695=VECTOR('',#2657,10.);
#696=VECTOR('',#2660,10.);
#697=VECTOR('',#2661,10.);
#698=VECTOR('',#2662,10.);
#699=VECTOR('',#2663,10.);
#700=VECTOR('',#2666,10.);
#701=VECTOR('',#2667,10.);
#702=VECTOR('',#2670,10.);
#703=VECTOR('',#2675,1.775);
#704=VECTOR('',#2682,1.775);
#705=VECTOR('',#2689,1.775);
#706=VECTOR('',#2696,1.775);
#707=VECTOR('',#2701,10.);
#708=VECTOR('',#2702,10.);
#709=VECTOR('',#2703,10.);
#710=VECTOR('',#2704,10.);
#711=VECTOR('',#2707,10.);
#712=VECTOR('',#2708,10.);
#713=VECTOR('',#2709,10.);
#714=VECTOR('',#2712,10.);
#715=VECTOR('',#2713,10.);
#716=VECTOR('',#2714,10.);
#717=VECTOR('',#2715,10.);
#718=VECTOR('',#2718,10.);
#719=VECTOR('',#2719,10.);
#720=VECTOR('',#2728,1.775);
#721=VECTOR('',#2735,1.775);
#722=VECTOR('',#2742,1.775);
#723=VECTOR('',#2749,1.775);
#724=VECTOR('',#2756,1.25);
#725=VECTOR('',#2763,1.25);
#726=VECTOR('',#2770,1.25);
#727=VECTOR('',#2777,1.25);
#728=VECTOR('',#2784,1.75);
#729=VECTOR('',#2791,1.75);
#730=VECTOR('',#2798,1.75);
#731=VECTOR('',#2805,1.75);
#732=VECTOR('',#2812,10.);
#733=VECTOR('',#2815,10.);
#734=VECTOR('',#2820,10.);
#735=VECTOR('',#2823,10.);
#736=VECTOR('',#2828,10.);
#737=VECTOR('',#2831,10.);
#738=VECTOR('',#2836,10.);
#739=VECTOR('',#2839,10.);
#740=VECTOR('',#2842,10.);
#741=VECTOR('',#2845,10.);
#742=VECTOR('',#2848,10.);
#743=VECTOR('',#2851,10.);
#744=VECTOR('',#2854,10.);
#745=VECTOR('',#2857,10.);
#746=VECTOR('',#2860,10.);
#747=VECTOR('',#2863,10.);
#748=VECTOR('',#2866,10.);
#749=VECTOR('',#2869,10.);
#750=VECTOR('',#2872,10.);
#751=VECTOR('',#2875,10.);
#752=VECTOR('',#2878,10.);
#753=VECTOR('',#2879,10.);
#754=VECTOR('',#2882,10.);
#755=VECTOR('',#2885,10.);
#756=VECTOR('',#2888,10.);
#757=VECTOR('',#2915,10.);
#758=VECTOR('',#2918,10.);
#759=VECTOR('',#2919,10.);
#760=VECTOR('',#2922,10.);
#761=VECTOR('',#2923,10.);
#762=VECTOR('',#2926,10.);
#763=VECTOR('',#2929,10.);
#764=VECTOR('',#2932,10.);
#765=VECTOR('',#2935,10.);
#766=VECTOR('',#2938,10.);
#767=VECTOR('',#2941,10.);
#768=VECTOR('',#2944,10.);
#769=VECTOR('',#2947,10.);
#770=VECTOR('',#2950,10.);
#771=VECTOR('',#2953,10.);
#772=VECTOR('',#2956,10.);
#773=VECTOR('',#2959,10.);
#774=VECTOR('',#2962,10.);
#775=VECTOR('',#2965,10.);
#776=VECTOR('',#2966,10.);
#777=VECTOR('',#2969,10.);
#778=VECTOR('',#2970,10.);
#779=VECTOR('',#2973,10.);
#780=VECTOR('',#2974,10.);
#781=VECTOR('',#2977,10.);
#782=VECTOR('',#2980,10.);
#783=VECTOR('',#2983,10.);
#784=VECTOR('',#3010,10.);
#785=VECTOR('',#3013,10.);
#786=VECTOR('',#3016,10.);
#787=VECTOR('',#3019,10.);
#788=VECTOR('',#3024,10.);
#789=VECTOR('',#3027,10.);
#790=VECTOR('',#3032,10.);
#791=VECTOR('',#3035,10.);
#792=VECTOR('',#3040,10.);
#793=VECTOR('',#3043,10.);
#794=VECTOR('',#3048,10.);
#795=VECTOR('',#3049,10.);
#796=VECTOR('',#3052,10.);
#797=VECTOR('',#3055,10.);
#798=VECTOR('',#3058,10.);
#799=VECTOR('',#3061,10.);
#800=VECTOR('',#3066,2.10000000000001);
#801=VECTOR('',#3069,2.1);
#802=VECTOR('',#3072,1.75);
#803=VECTOR('',#3075,1.75);
#804=VECTOR('',#3078,1.75);
#805=VECTOR('',#3081,3.25);
#806=VECTOR('',#3084,3.25);
#807=VECTOR('',#3087,3.25);
#808=VECTOR('',#3090,3.25);
#809=VECTOR('',#3093,1.75);
#810=VECTOR('',#3096,2.1);
#811=VECTOR('',#3099,2.1);
#812=VECTOR('',#3102,10.);
#813=VECTOR('',#3103,10.);
#814=VECTOR('',#3106,10.);
#815=VECTOR('',#3109,10.);
#816=VECTOR('',#3112,10.);
#817=VECTOR('',#3115,10.);
#818=VECTOR('',#3118,10.);
#819=VECTOR('',#3121,10.);
#820=VECTOR('',#3124,10.);
#821=VECTOR('',#3127,10.);
#822=VECTOR('',#3130,10.);
#823=VECTOR('',#3133,10.);
#824=VECTOR('',#3136,10.);
#825=VECTOR('',#3139,10.);
#826=VECTOR('',#3142,10.);
#827=VECTOR('',#3145,10.);
#828=VECTOR('',#3148,10.);
#829=VECTOR('',#3151,10.);
#830=VECTOR('',#3154,10.);
#831=VECTOR('',#3157,10.);
#832=VECTOR('',#3160,10.);
#833=VECTOR('',#3163,10.);
#834=VECTOR('',#3166,10.);
#835=VECTOR('',#3169,10.);
#836=CIRCLE('',#2274,3.1);
#837=CIRCLE('',#2275,3.1);
#838=CIRCLE('',#2278,3.1);
#839=CIRCLE('',#2279,3.1);
#840=CIRCLE('',#2282,1.25);
#841=CIRCLE('',#2283,1.25);
#842=CIRCLE('',#2286,1.25);
#843=CIRCLE('',#2287,1.25);
#844=CIRCLE('',#2290,1.25);
#845=CIRCLE('',#2291,1.25);
#846=CIRCLE('',#2294,1.25);
#847=CIRCLE('',#2295,1.25);
#848=CIRCLE('',#2305,1.75);
#849=CIRCLE('',#2306,1.75);
#850=CIRCLE('',#2308,1.75);
#851=CIRCLE('',#2309,1.75);
#852=CIRCLE('',#2311,1.75);
#853=CIRCLE('',#2312,1.75);
#854=CIRCLE('',#2314,1.75);
#855=CIRCLE('',#2315,1.75);
#856=CIRCLE('',#2328,1.775);
#857=CIRCLE('',#2329,1.775);
#858=CIRCLE('',#2331,1.775);
#859=CIRCLE('',#2332,1.775);
#860=CIRCLE('',#2334,1.775);
#861=CIRCLE('',#2335,1.775);
#862=CIRCLE('',#2337,1.775);
#863=CIRCLE('',#2338,1.775);
#864=CIRCLE('',#2346,1.775);
#865=CIRCLE('',#2347,1.775);
#866=CIRCLE('',#2349,1.775);
#867=CIRCLE('',#2350,1.775);
#868=CIRCLE('',#2352,1.775);
#869=CIRCLE('',#2353,1.775);
#870=CIRCLE('',#2355,1.775);
#871=CIRCLE('',#2356,1.775);
#872=CIRCLE('',#2358,1.25);
#873=CIRCLE('',#2359,1.25);
#874=CIRCLE('',#2361,1.25);
#875=CIRCLE('',#2362,1.25);
#876=CIRCLE('',#2364,1.25);
#877=CIRCLE('',#2365,1.25);
#878=CIRCLE('',#2367,1.25);
#879=CIRCLE('',#2368,1.25);
#880=CIRCLE('',#2370,1.75);
#881=CIRCLE('',#2371,1.75);
#882=CIRCLE('',#2373,1.75);
#883=CIRCLE('',#2374,1.75);
#884=CIRCLE('',#2376,1.75);
#885=CIRCLE('',#2377,1.75);
#886=CIRCLE('',#2379,1.75);
#887=CIRCLE('',#2380,1.75);
#888=CIRCLE('',#2382,1.6);
#889=CIRCLE('',#2383,1.6);
#890=CIRCLE('',#2385,1.59999999999996);
#891=CIRCLE('',#2386,1.59999999999996);
#892=CIRCLE('',#2388,1.60000000000007);
#893=CIRCLE('',#2389,1.60000000000007);
#894=CIRCLE('',#2391,1.6);
#895=CIRCLE('',#2392,1.6);
#896=CIRCLE('',#2394,10.);
#897=CIRCLE('',#2395,10.);
#898=CIRCLE('',#2396,10.);
#899=CIRCLE('',#2397,10.);
#900=CIRCLE('',#2398,8.25);
#901=CIRCLE('',#2399,8.25000000000005);
#902=CIRCLE('',#2400,10.);
#903=CIRCLE('',#2401,10.);
#904=CIRCLE('',#2402,9.99999999999994);
#905=CIRCLE('',#2403,10.);
#906=CIRCLE('',#2404,8.25000000000009);
#907=CIRCLE('',#2405,8.25);
#908=CIRCLE('',#2406,1.6);
#909=CIRCLE('',#2407,9.99999999999999);
#910=CIRCLE('',#2408,10.);
#911=CIRCLE('',#2409,17.4999999999999);
#912=CIRCLE('',#2410,2.10000000000001);
#913=CIRCLE('',#2411,2.1);
#914=CIRCLE('',#2412,1.75);
#915=CIRCLE('',#2413,1.75);
#916=CIRCLE('',#2414,1.75);
#917=CIRCLE('',#2415,3.25);
#918=CIRCLE('',#2416,3.25);
#919=CIRCLE('',#2417,3.25);
#920=CIRCLE('',#2418,3.25);
#921=CIRCLE('',#2419,1.75);
#922=CIRCLE('',#2420,2.1);
#923=CIRCLE('',#2421,2.1);
#924=CIRCLE('',#2422,1.6);
#925=CIRCLE('',#2423,1.6);
#926=CIRCLE('',#2424,1.6);
#927=CIRCLE('',#2426,8.25);
#928=CIRCLE('',#2427,8.25000000000009);
#929=CIRCLE('',#2428,10.);
#930=CIRCLE('',#2429,9.99999999999994);
#931=CIRCLE('',#2430,10.);
#932=CIRCLE('',#2431,10.);
#933=CIRCLE('',#2432,8.25000000000005);
#934=CIRCLE('',#2433,8.25);
#935=CIRCLE('',#2434,10.);
#936=CIRCLE('',#2435,10.);
#937=CIRCLE('',#2436,10.);
#938=CIRCLE('',#2437,10.);
#939=CIRCLE('',#2438,1.6);
#940=CIRCLE('',#2439,1.6);
#941=CIRCLE('',#2440,1.6);
#942=CIRCLE('',#2441,17.4999999999999);
#943=CIRCLE('',#2442,10.);
#944=CIRCLE('',#2443,9.99999999999999);
#945=CIRCLE('',#2444,2.10000000000001);
#946=CIRCLE('',#2445,2.1);
#947=CIRCLE('',#2446,1.75);
#948=CIRCLE('',#2447,1.75);
#949=CIRCLE('',#2448,1.75);
#950=CIRCLE('',#2449,3.25);
#951=CIRCLE('',#2450,3.25);
#952=CIRCLE('',#2451,3.25);
#953=CIRCLE('',#2452,3.25);
#954=CIRCLE('',#2453,1.75);
#955=CIRCLE('',#2454,2.1);
#956=CIRCLE('',#2455,2.1);
#957=CIRCLE('',#2456,1.6);
#958=VERTEX_POINT('',#3181);
#959=VERTEX_POINT('',#3183);
#960=VERTEX_POINT('',#3188);
#961=VERTEX_POINT('',#3190);
#962=VERTEX_POINT('',#3195);
#963=VERTEX_POINT('',#3197);
#964=VERTEX_POINT('',#3202);
#965=VERTEX_POINT('',#3204);
#966=VERTEX_POINT('',#3209);
#967=VERTEX_POINT('',#3211);
#968=VERTEX_POINT('',#3216);
#969=VERTEX_POINT('',#3218);
#970=VERTEX_POINT('',#3223);
#971=VERTEX_POINT('',#3224);
#972=VERTEX_POINT('',#3226);
#973=VERTEX_POINT('',#3228);
#974=VERTEX_POINT('',#3232);
#975=VERTEX_POINT('',#3234);
#976=VERTEX_POINT('',#3238);
#977=VERTEX_POINT('',#3240);
#978=VERTEX_POINT('',#3250);
#979=VERTEX_POINT('',#3252);
#980=VERTEX_POINT('',#3256);
#981=VERTEX_POINT('',#3258);
#982=VERTEX_POINT('',#3262);
#983=VERTEX_POINT('',#3264);
#984=VERTEX_POINT('',#3268);
#985=VERTEX_POINT('',#3270);
#986=VERTEX_POINT('',#3274);
#987=VERTEX_POINT('',#3275);
#988=VERTEX_POINT('',#3277);
#989=VERTEX_POINT('',#3279);
#990=VERTEX_POINT('',#3283);
#991=VERTEX_POINT('',#3285);
#992=VERTEX_POINT('',#3289);
#993=VERTEX_POINT('',#3291);
#994=VERTEX_POINT('',#3301);
#995=VERTEX_POINT('',#3302);
#996=VERTEX_POINT('',#3304);
#997=VERTEX_POINT('',#3306);
#998=VERTEX_POINT('',#3310);
#999=VERTEX_POINT('',#3311);
#1000=VERTEX_POINT('',#3313);
#1001=VERTEX_POINT('',#3315);
#1002=VERTEX_POINT('',#3324);
#1003=VERTEX_POINT('',#3326);
#1004=VERTEX_POINT('',#3330);
#1005=VERTEX_POINT('',#3332);
#1006=VERTEX_POINT('',#3336);
#1007=VERTEX_POINT('',#3338);
#1008=VERTEX_POINT('',#3342);
#1009=VERTEX_POINT('',#3344);
#1010=VERTEX_POINT('',#3348);
#1011=VERTEX_POINT('',#3349);
#1012=VERTEX_POINT('',#3351);
#1013=VERTEX_POINT('',#3353);
#1014=VERTEX_POINT('',#3357);
#1015=VERTEX_POINT('',#3359);
#1016=VERTEX_POINT('',#3364);
#1017=VERTEX_POINT('',#3366);
#1018=VERTEX_POINT('',#3375);
#1019=VERTEX_POINT('',#3377);
#1020=VERTEX_POINT('',#3381);
#1021=VERTEX_POINT('',#3383);
#1022=VERTEX_POINT('',#3387);
#1023=VERTEX_POINT('',#3389);
#1024=VERTEX_POINT('',#3393);
#1025=VERTEX_POINT('',#3395);
#1026=VERTEX_POINT('',#3399);
#1027=VERTEX_POINT('',#3401);
#1028=VERTEX_POINT('',#3405);
#1029=VERTEX_POINT('',#3407);
#1030=VERTEX_POINT('',#3411);
#1031=VERTEX_POINT('',#3413);
#1032=VERTEX_POINT('',#3417);
#1033=VERTEX_POINT('',#3419);
#1034=VERTEX_POINT('',#3423);
#1035=VERTEX_POINT('',#3425);
#1036=VERTEX_POINT('',#3429);
#1037=VERTEX_POINT('',#3431);
#1038=VERTEX_POINT('',#3435);
#1039=VERTEX_POINT('',#3437);
#1040=VERTEX_POINT('',#3441);
#1041=VERTEX_POINT('',#3443);
#1042=VERTEX_POINT('',#3447);
#1043=VERTEX_POINT('',#3448);
#1044=VERTEX_POINT('',#3450);
#1045=VERTEX_POINT('',#3452);
#1046=VERTEX_POINT('',#3456);
#1047=VERTEX_POINT('',#3457);
#1048=VERTEX_POINT('',#3459);
#1049=VERTEX_POINT('',#3461);
#1050=VERTEX_POINT('',#3465);
#1051=VERTEX_POINT('',#3466);
#1052=VERTEX_POINT('',#3468);
#1053=VERTEX_POINT('',#3470);
#1054=VERTEX_POINT('',#3474);
#1055=VERTEX_POINT('',#3475);
#1056=VERTEX_POINT('',#3477);
#1057=VERTEX_POINT('',#3479);
#1058=VERTEX_POINT('',#3483);
#1059=VERTEX_POINT('',#3484);
#1060=VERTEX_POINT('',#3486);
#1061=VERTEX_POINT('',#3488);
#1062=VERTEX_POINT('',#3490);
#1063=VERTEX_POINT('',#3492);
#1064=VERTEX_POINT('',#3494);
#1065=VERTEX_POINT('',#3496);
#1066=VERTEX_POINT('',#3498);
#1067=VERTEX_POINT('',#3500);
#1068=VERTEX_POINT('',#3502);
#1069=VERTEX_POINT('',#3504);
#1070=VERTEX_POINT('',#3506);
#1071=VERTEX_POINT('',#3508);
#1072=VERTEX_POINT('',#3510);
#1073=VERTEX_POINT('',#3512);
#1074=VERTEX_POINT('',#3514);
#1075=VERTEX_POINT('',#3516);
#1076=VERTEX_POINT('',#3518);
#1077=VERTEX_POINT('',#3520);
#1078=VERTEX_POINT('',#3522);
#1079=VERTEX_POINT('',#3524);
#1080=VERTEX_POINT('',#3526);
#1081=VERTEX_POINT('',#3528);
#1082=VERTEX_POINT('',#3531);
#1083=VERTEX_POINT('',#3533);
#1084=VERTEX_POINT('',#3536);
#1085=VERTEX_POINT('',#3537);
#1086=VERTEX_POINT('',#3539);
#1087=VERTEX_POINT('',#3541);
#1088=VERTEX_POINT('',#3543);
#1089=VERTEX_POINT('',#3545);
#1090=VERTEX_POINT('',#3548);
#1091=VERTEX_POINT('',#3550);
#1092=VERTEX_POINT('',#3552);
#1093=VERTEX_POINT('',#3554);
#1094=VERTEX_POINT('',#3556);
#1095=VERTEX_POINT('',#3558);
#1096=VERTEX_POINT('',#3560);
#1097=VERTEX_POINT('',#3562);
#1098=VERTEX_POINT('',#3564);
#1099=VERTEX_POINT('',#3566);
#1100=VERTEX_POINT('',#3568);
#1101=VERTEX_POINT('',#3570);
#1102=VERTEX_POINT('',#3572);
#1103=VERTEX_POINT('',#3574);
#1104=VERTEX_POINT('',#3577);
#1105=VERTEX_POINT('',#3579);
#1106=VERTEX_POINT('',#3582);
#1107=VERTEX_POINT('',#3584);
#1108=VERTEX_POINT('',#3588);
#1109=VERTEX_POINT('',#3589);
#1110=VERTEX_POINT('',#3591);
#1111=VERTEX_POINT('',#3593);
#1112=VERTEX_POINT('',#3595);
#1113=VERTEX_POINT('',#3597);
#1114=VERTEX_POINT('',#3599);
#1115=VERTEX_POINT('',#3601);
#1116=VERTEX_POINT('',#3603);
#1117=VERTEX_POINT('',#3605);
#1118=VERTEX_POINT('',#3607);
#1119=VERTEX_POINT('',#3609);
#1120=VERTEX_POINT('',#3611);
#1121=VERTEX_POINT('',#3613);
#1122=VERTEX_POINT('',#3615);
#1123=VERTEX_POINT('',#3617);
#1124=VERTEX_POINT('',#3619);
#1125=VERTEX_POINT('',#3621);
#1126=VERTEX_POINT('',#3623);
#1127=VERTEX_POINT('',#3625);
#1128=VERTEX_POINT('',#3627);
#1129=VERTEX_POINT('',#3629);
#1130=VERTEX_POINT('',#3631);
#1131=VERTEX_POINT('',#3633);
#1132=VERTEX_POINT('',#3636);
#1133=VERTEX_POINT('',#3638);
#1134=VERTEX_POINT('',#3641);
#1135=VERTEX_POINT('',#3643);
#1136=VERTEX_POINT('',#3646);
#1137=VERTEX_POINT('',#3648);
#1138=VERTEX_POINT('',#3651);
#1139=VERTEX_POINT('',#3652);
#1140=VERTEX_POINT('',#3654);
#1141=VERTEX_POINT('',#3656);
#1142=VERTEX_POINT('',#3658);
#1143=VERTEX_POINT('',#3660);
#1144=VERTEX_POINT('',#3663);
#1145=VERTEX_POINT('',#3665);
#1146=VERTEX_POINT('',#3667);
#1147=VERTEX_POINT('',#3669);
#1148=VERTEX_POINT('',#3671);
#1149=VERTEX_POINT('',#3673);
#1150=VERTEX_POINT('',#3675);
#1151=VERTEX_POINT('',#3677);
#1152=VERTEX_POINT('',#3679);
#1153=VERTEX_POINT('',#3681);
#1154=VERTEX_POINT('',#3683);
#1155=VERTEX_POINT('',#3685);
#1156=VERTEX_POINT('',#3687);
#1157=VERTEX_POINT('',#3689);
#1158=EDGE_CURVE('',#958,#958,#836,.T.);
#1159=EDGE_CURVE('',#958,#959,#480,.T.);
#1160=EDGE_CURVE('',#959,#959,#837,.T.);
#1161=EDGE_CURVE('',#960,#960,#838,.T.);
#1162=EDGE_CURVE('',#960,#961,#481,.T.);
#1163=EDGE_CURVE('',#961,#961,#839,.T.);
#1164=EDGE_CURVE('',#962,#962,#840,.T.);
#1165=EDGE_CURVE('',#962,#963,#482,.T.);
#1166=EDGE_CURVE('',#963,#963,#841,.T.);
#1167=EDGE_CURVE('',#964,#964,#842,.T.);
#1168=EDGE_CURVE('',#964,#965,#483,.T.);
#1169=EDGE_CURVE('',#965,#965,#843,.T.);
#1170=EDGE_CURVE('',#966,#966,#844,.T.);
#1171=EDGE_CURVE('',#966,#967,#484,.T.);
#1172=EDGE_CURVE('',#967,#967,#845,.T.);
#1173=EDGE_CURVE('',#968,#968,#846,.T.);
#1174=EDGE_CURVE('',#968,#969,#485,.T.);
#1175=EDGE_CURVE('',#969,#969,#847,.T.);
#1176=EDGE_CURVE('',#970,#971,#486,.T.);
#1177=EDGE_CURVE('',#971,#972,#487,.T.);
#1178=EDGE_CURVE('',#973,#972,#488,.T.);
#1179=EDGE_CURVE('',#970,#973,#489,.T.);
#1180=EDGE_CURVE('',#974,#970,#490,.T.);
#1181=EDGE_CURVE('',#975,#973,#491,.T.);
#1182=EDGE_CURVE('',#974,#975,#492,.T.);
#1183=EDGE_CURVE('',#976,#974,#493,.T.);
#1184=EDGE_CURVE('',#977,#975,#494,.T.);
#1185=EDGE_CURVE('',#976,#977,#495,.T.);
#1186=EDGE_CURVE('',#971,#976,#496,.T.);
#1187=EDGE_CURVE('',#972,#977,#497,.T.);
#1188=EDGE_CURVE('',#978,#978,#848,.T.);
#1189=EDGE_CURVE('',#978,#979,#498,.T.);
#1190=EDGE_CURVE('',#979,#979,#849,.T.);
#1191=EDGE_CURVE('',#980,#980,#850,.T.);
#1192=EDGE_CURVE('',#980,#981,#499,.T.);
#1193=EDGE_CURVE('',#981,#981,#851,.T.);
#1194=EDGE_CURVE('',#982,#982,#852,.T.);
#1195=EDGE_CURVE('',#982,#983,#500,.T.);
#1196=EDGE_CURVE('',#983,#983,#853,.T.);
#1197=EDGE_CURVE('',#984,#984,#854,.T.);
#1198=EDGE_CURVE('',#984,#985,#501,.T.);
#1199=EDGE_CURVE('',#985,#985,#855,.T.);
#1200=EDGE_CURVE('',#986,#987,#502,.T.);
#1201=EDGE_CURVE('',#987,#988,#503,.T.);
#1202=EDGE_CURVE('',#989,#988,#504,.T.);
#1203=EDGE_CURVE('',#986,#989,#505,.T.);
#1204=EDGE_CURVE('',#990,#986,#506,.T.);
#1205=EDGE_CURVE('',#991,#989,#507,.T.);
#1206=EDGE_CURVE('',#990,#991,#508,.T.);
#1207=EDGE_CURVE('',#992,#990,#509,.T.);
#1208=EDGE_CURVE('',#993,#991,#510,.T.);
#1209=EDGE_CURVE('',#992,#993,#511,.T.);
#1210=EDGE_CURVE('',#987,#992,#512,.T.);
#1211=EDGE_CURVE('',#988,#993,#513,.T.);
#1212=EDGE_CURVE('',#994,#995,#514,.T.);
#1213=EDGE_CURVE('',#994,#996,#515,.T.);
#1214=EDGE_CURVE('',#997,#996,#516,.T.);
#1215=EDGE_CURVE('',#995,#997,#517,.T.);
#1216=EDGE_CURVE('',#998,#999,#518,.T.);
#1217=EDGE_CURVE('',#1000,#998,#519,.T.);
#1218=EDGE_CURVE('',#1001,#1000,#520,.T.);
#1219=EDGE_CURVE('',#999,#1001,#521,.T.);
#1220=EDGE_CURVE('',#999,#994,#522,.T.);
#1221=EDGE_CURVE('',#996,#1001,#523,.T.);
#1222=EDGE_CURVE('',#997,#1000,#524,.T.);
#1223=EDGE_CURVE('',#1002,#1002,#856,.T.);
#1224=EDGE_CURVE('',#1002,#1003,#525,.T.);
#1225=EDGE_CURVE('',#1003,#1003,#857,.T.);
#1226=EDGE_CURVE('',#1004,#1004,#858,.T.);
#1227=EDGE_CURVE('',#1004,#1005,#526,.T.);
#1228=EDGE_CURVE('',#1005,#1005,#859,.T.);
#1229=EDGE_CURVE('',#1006,#1006,#860,.T.);
#1230=EDGE_CURVE('',#1006,#1007,#527,.T.);
#1231=EDGE_CURVE('',#1007,#1007,#861,.T.);
#1232=EDGE_CURVE('',#1008,#1008,#862,.T.);
#1233=EDGE_CURVE('',#1008,#1009,#528,.T.);
#1234=EDGE_CURVE('',#1009,#1009,#863,.T.);
#1235=EDGE_CURVE('',#1010,#1011,#529,.T.);
#1236=EDGE_CURVE('',#1011,#1012,#530,.T.);
#1237=EDGE_CURVE('',#1013,#1012,#531,.T.);
#1238=EDGE_CURVE('',#1010,#1013,#532,.T.);
#1239=EDGE_CURVE('',#1014,#1010,#533,.T.);
#1240=EDGE_CURVE('',#1015,#1013,#534,.T.);
#1241=EDGE_CURVE('',#1014,#1015,#535,.T.);
#1242=EDGE_CURVE('',#998,#1014,#536,.T.);
#1243=EDGE_CURVE('',#1016,#1015,#537,.T.);
#1244=EDGE_CURVE('',#1017,#1016,#538,.T.);
#1245=EDGE_CURVE('',#1017,#995,#539,.T.);
#1246=EDGE_CURVE('',#1011,#1017,#540,.T.);
#1247=EDGE_CURVE('',#1012,#1016,#541,.T.);
#1248=EDGE_CURVE('',#1018,#1018,#864,.T.);
#1249=EDGE_CURVE('',#1018,#1019,#542,.T.);
#1250=EDGE_CURVE('',#1019,#1019,#865,.T.);
#1251=EDGE_CURVE('',#1020,#1020,#866,.T.);
#1252=EDGE_CURVE('',#1020,#1021,#543,.T.);
#1253=EDGE_CURVE('',#1021,#1021,#867,.T.);
#1254=EDGE_CURVE('',#1022,#1022,#868,.T.);
#1255=EDGE_CURVE('',#1022,#1023,#544,.T.);
#1256=EDGE_CURVE('',#1023,#1023,#869,.T.);
#1257=EDGE_CURVE('',#1024,#1024,#870,.T.);
#1258=EDGE_CURVE('',#1024,#1025,#545,.T.);
#1259=EDGE_CURVE('',#1025,#1025,#871,.T.);
#1260=EDGE_CURVE('',#1026,#1026,#872,.T.);
#1261=EDGE_CURVE('',#1026,#1027,#546,.T.);
#1262=EDGE_CURVE('',#1027,#1027,#873,.T.);
#1263=EDGE_CURVE('',#1028,#1028,#874,.T.);
#1264=EDGE_CURVE('',#1028,#1029,#547,.T.);
#1265=EDGE_CURVE('',#1029,#1029,#875,.T.);
#1266=EDGE_CURVE('',#1030,#1030,#876,.T.);
#1267=EDGE_CURVE('',#1030,#1031,#548,.T.);
#1268=EDGE_CURVE('',#1031,#1031,#877,.T.);
#1269=EDGE_CURVE('',#1032,#1032,#878,.T.);
#1270=EDGE_CURVE('',#1032,#1033,#549,.T.);
#1271=EDGE_CURVE('',#1033,#1033,#879,.T.);
#1272=EDGE_CURVE('',#1034,#1034,#880,.T.);
#1273=EDGE_CURVE('',#1034,#1035,#550,.T.);
#1274=EDGE_CURVE('',#1035,#1035,#881,.T.);
#1275=EDGE_CURVE('',#1036,#1036,#882,.T.);
#1276=EDGE_CURVE('',#1036,#1037,#551,.T.);
#1277=EDGE_CURVE('',#1037,#1037,#883,.T.);
#1278=EDGE_CURVE('',#1038,#1038,#884,.T.);
#1279=EDGE_CURVE('',#1038,#1039,#552,.T.);
#1280=EDGE_CURVE('',#1039,#1039,#885,.T.);
#1281=EDGE_CURVE('',#1040,#1040,#886,.T.);
#1282=EDGE_CURVE('',#1040,#1041,#553,.T.);
#1283=EDGE_CURVE('',#1041,#1041,#887,.T.);
#1284=EDGE_CURVE('',#1042,#1043,#888,.T.);
#1285=EDGE_CURVE('',#1044,#1042,#554,.T.);
#1286=EDGE_CURVE('',#1045,#1044,#889,.T.);
#1287=EDGE_CURVE('',#1045,#1043,#555,.T.);
#1288=EDGE_CURVE('',#1046,#1047,#890,.T.);
#1289=EDGE_CURVE('',#1048,#1046,#556,.T.);
#1290=EDGE_CURVE('',#1049,#1048,#891,.T.);
#1291=EDGE_CURVE('',#1049,#1047,#557,.T.);
#1292=EDGE_CURVE('',#1050,#1051,#892,.T.);
#1293=EDGE_CURVE('',#1052,#1050,#558,.T.);
#1294=EDGE_CURVE('',#1053,#1052,#893,.T.);
#1295=EDGE_CURVE('',#1053,#1051,#559,.T.);
#1296=EDGE_CURVE('',#1054,#1055,#894,.T.);
#1297=EDGE_CURVE('',#1056,#1054,#560,.T.);
#1298=EDGE_CURVE('',#1057,#1056,#895,.T.);
#1299=EDGE_CURVE('',#1057,#1055,#561,.T.);
#1300=EDGE_CURVE('',#1058,#1059,#562,.T.);
#1301=EDGE_CURVE('',#1060,#1058,#896,.T.);
#1302=EDGE_CURVE('',#1061,#1060,#563,.T.);
#1303=EDGE_CURVE('',#1062,#1061,#897,.T.);
#1304=EDGE_CURVE('',#1063,#1062,#564,.T.);
#1305=EDGE_CURVE('',#1064,#1063,#898,.T.);
#1306=EDGE_CURVE('',#1065,#1064,#565,.T.);
#1307=EDGE_CURVE('',#1066,#1065,#899,.T.);
#1308=EDGE_CURVE('',#1067,#1066,#566,.T.);
#1309=EDGE_CURVE('',#1068,#1067,#900,.T.);
#1310=EDGE_CURVE('',#1069,#1068,#567,.T.);
#1311=EDGE_CURVE('',#1070,#1069,#901,.T.);
#1312=EDGE_CURVE('',#1071,#1070,#568,.T.);
#1313=EDGE_CURVE('',#1072,#1071,#902,.T.);
#1314=EDGE_CURVE('',#1073,#1072,#569,.T.);
#1315=EDGE_CURVE('',#1074,#1073,#903,.T.);
#1316=EDGE_CURVE('',#1075,#1074,#570,.T.);
#1317=EDGE_CURVE('',#1076,#1075,#904,.T.);
#1318=EDGE_CURVE('',#1077,#1076,#571,.T.);
#1319=EDGE_CURVE('',#1078,#1077,#905,.T.);
#1320=EDGE_CURVE('',#1079,#1078,#572,.T.);
#1321=EDGE_CURVE('',#1080,#1079,#906,.T.);
#1322=EDGE_CURVE('',#1081,#1080,#573,.T.);
#1323=EDGE_CURVE('',#1059,#1081,#907,.T.);
#1324=EDGE_CURVE('',#1082,#1053,#574,.T.);
#1325=EDGE_CURVE('',#1052,#1083,#575,.T.);
#1326=EDGE_CURVE('',#1082,#1083,#908,.T.);
#1327=EDGE_CURVE('',#1084,#1085,#576,.T.);
#1328=EDGE_CURVE('',#1086,#1084,#909,.T.);
#1329=EDGE_CURVE('',#1087,#1086,#577,.T.);
#1330=EDGE_CURVE('',#1088,#1087,#910,.T.);
#1331=EDGE_CURVE('',#1089,#1088,#578,.T.);
#1332=EDGE_CURVE('',#1085,#1089,#911,.T.);
#1333=EDGE_CURVE('',#1090,#1090,#912,.T.);
#1334=EDGE_CURVE('',#1091,#1091,#913,.T.);
#1335=EDGE_CURVE('',#1092,#1092,#914,.T.);
#1336=EDGE_CURVE('',#1093,#1093,#915,.T.);
#1337=EDGE_CURVE('',#1094,#1094,#916,.T.);
#1338=EDGE_CURVE('',#1095,#1095,#917,.T.);
#1339=EDGE_CURVE('',#1096,#1096,#918,.T.);
#1340=EDGE_CURVE('',#1097,#1097,#919,.T.);
#1341=EDGE_CURVE('',#1098,#1098,#920,.T.);
#1342=EDGE_CURVE('',#1099,#1099,#921,.T.);
#1343=EDGE_CURVE('',#1100,#1100,#922,.T.);
#1344=EDGE_CURVE('',#1101,#1101,#923,.T.);
#1345=EDGE_CURVE('',#1056,#1102,#579,.T.);
#1346=EDGE_CURVE('',#1103,#1102,#924,.T.);
#1347=EDGE_CURVE('',#1103,#1057,#580,.T.);
#1348=EDGE_CURVE('',#1048,#1104,#581,.T.);
#1349=EDGE_CURVE('',#1105,#1104,#925,.T.);
#1350=EDGE_CURVE('',#1105,#1049,#582,.T.);
#1351=EDGE_CURVE('',#1106,#1044,#583,.T.);
#1352=EDGE_CURVE('',#1107,#1106,#926,.T.);
#1353=EDGE_CURVE('',#1107,#1045,#584,.T.);
#1354=EDGE_CURVE('',#1108,#1109,#585,.T.);
#1355=EDGE_CURVE('',#1109,#1110,#927,.T.);
#1356=EDGE_CURVE('',#1110,#1111,#586,.T.);
#1357=EDGE_CURVE('',#1111,#1112,#928,.T.);
#1358=EDGE_CURVE('',#1112,#1113,#587,.T.);
#1359=EDGE_CURVE('',#1113,#1114,#929,.T.);
#1360=EDGE_CURVE('',#1114,#1115,#588,.T.);
#1361=EDGE_CURVE('',#1115,#1116,#930,.T.);
#1362=EDGE_CURVE('',#1116,#1117,#589,.T.);
#1363=EDGE_CURVE('',#1117,#1118,#931,.T.);
#1364=EDGE_CURVE('',#1118,#1119,#590,.T.);
#1365=EDGE_CURVE('',#1119,#1120,#932,.T.);
#1366=EDGE_CURVE('',#1120,#1121,#591,.T.);
#1367=EDGE_CURVE('',#1121,#1122,#933,.T.);
#1368=EDGE_CURVE('',#1122,#1123,#592,.T.);
#1369=EDGE_CURVE('',#1123,#1124,#934,.T.);
#1370=EDGE_CURVE('',#1124,#1125,#593,.T.);
#1371=EDGE_CURVE('',#1125,#1126,#935,.T.);
#1372=EDGE_CURVE('',#1126,#1127,#594,.T.);
#1373=EDGE_CURVE('',#1127,#1128,#936,.T.);
#1374=EDGE_CURVE('',#1128,#1129,#595,.T.);
#1375=EDGE_CURVE('',#1129,#1130,#937,.T.);
#1376=EDGE_CURVE('',#1130,#1131,#596,.T.);
#1377=EDGE_CURVE('',#1131,#1108,#938,.T.);
#1378=EDGE_CURVE('',#1132,#1042,#597,.T.);
#1379=EDGE_CURVE('',#1043,#1133,#598,.T.);
#1380=EDGE_CURVE('',#1133,#1132,#939,.T.);
#1381=EDGE_CURVE('',#1134,#1054,#599,.T.);
#1382=EDGE_CURVE('',#1055,#1135,#600,.T.);
#1383=EDGE_CURVE('',#1135,#1134,#940,.T.);
#1384=EDGE_CURVE('',#1136,#1046,#601,.T.);
#1385=EDGE_CURVE('',#1047,#1137,#602,.T.);
#1386=EDGE_CURVE('',#1137,#1136,#941,.T.);
#1387=EDGE_CURVE('',#1138,#1139,#603,.T.);
#1388=EDGE_CURVE('',#1139,#1140,#942,.T.);
#1389=EDGE_CURVE('',#1140,#1141,#604,.T.);
#1390=EDGE_CURVE('',#1141,#1142,#943,.T.);
#1391=EDGE_CURVE('',#1142,#1143,#605,.T.);
#1392=EDGE_CURVE('',#1143,#1138,#944,.T.);
#1393=EDGE_CURVE('',#1144,#1144,#945,.T.);
#1394=EDGE_CURVE('',#1145,#1145,#946,.T.);
#1395=EDGE_CURVE('',#1146,#1146,#947,.T.);
#1396=EDGE_CURVE('',#1147,#1147,#948,.T.);
#1397=EDGE_CURVE('',#1148,#1148,#949,.T.);
#1398=EDGE_CURVE('',#1149,#1149,#950,.T.);
#1399=EDGE_CURVE('',#1150,#1150,#951,.T.);
#1400=EDGE_CURVE('',#1151,#1151,#952,.T.);
#1401=EDGE_CURVE('',#1152,#1152,#953,.T.);
#1402=EDGE_CURVE('',#1153,#1153,#954,.T.);
#1403=EDGE_CURVE('',#1154,#1154,#955,.T.);
#1404=EDGE_CURVE('',#1155,#1155,#956,.T.);
#1405=EDGE_CURVE('',#1051,#1156,#606,.T.);
#1406=EDGE_CURVE('',#1156,#1157,#957,.T.);
#1407=EDGE_CURVE('',#1157,#1050,#607,.T.);
#1408=EDGE_CURVE('',#1107,#1133,#608,.T.);
#1409=EDGE_CURVE('',#1106,#1132,#609,.T.);
#1410=EDGE_CURVE('',#1102,#1134,#610,.T.);
#1411=EDGE_CURVE('',#1103,#1135,#611,.T.);
#1412=EDGE_CURVE('',#1104,#1136,#612,.T.);
#1413=EDGE_CURVE('',#1105,#1137,#613,.T.);
#1414=EDGE_CURVE('',#1083,#1157,#614,.T.);
#1415=EDGE_CURVE('',#1082,#1156,#615,.T.);
#1416=EDGE_CURVE('',#1084,#1138,#616,.T.);
#1417=EDGE_CURVE('',#1086,#1143,#617,.T.);
#1418=EDGE_CURVE('',#1087,#1142,#618,.T.);
#1419=EDGE_CURVE('',#1088,#1141,#619,.T.);
#1420=EDGE_CURVE('',#1089,#1140,#620,.T.);
#1421=EDGE_CURVE('',#1085,#1139,#621,.T.);
#1422=EDGE_CURVE('',#1144,#1090,#622,.T.);
#1423=EDGE_CURVE('',#1145,#1091,#623,.T.);
#1424=EDGE_CURVE('',#1146,#1092,#624,.T.);
#1425=EDGE_CURVE('',#1147,#1093,#625,.T.);
#1426=EDGE_CURVE('',#1148,#1094,#626,.T.);
#1427=EDGE_CURVE('',#1149,#1095,#627,.T.);
#1428=EDGE_CURVE('',#1150,#1096,#628,.T.);
#1429=EDGE_CURVE('',#1151,#1097,#629,.T.);
#1430=EDGE_CURVE('',#1152,#1098,#630,.T.);
#1431=EDGE_CURVE('',#1153,#1099,#631,.T.);
#1432=EDGE_CURVE('',#1154,#1100,#632,.T.);
#1433=EDGE_CURVE('',#1155,#1101,#633,.T.);
#1434=EDGE_CURVE('',#1058,#1108,#634,.T.);
#1435=EDGE_CURVE('',#1060,#1131,#635,.T.);
#1436=EDGE_CURVE('',#1061,#1130,#636,.T.);
#1437=EDGE_CURVE('',#1062,#1129,#637,.T.);
#1438=EDGE_CURVE('',#1063,#1128,#638,.T.);
#1439=EDGE_CURVE('',#1064,#1127,#639,.T.);
#1440=EDGE_CURVE('',#1065,#1126,#640,.T.);
#1441=EDGE_CURVE('',#1066,#1125,#641,.T.);
#1442=EDGE_CURVE('',#1067,#1124,#642,.T.);
#1443=EDGE_CURVE('',#1068,#1123,#643,.T.);
#1444=EDGE_CURVE('',#1069,#1122,#644,.T.);
#1445=EDGE_CURVE('',#1070,#1121,#645,.T.);
#1446=EDGE_CURVE('',#1071,#1120,#646,.T.);
#1447=EDGE_CURVE('',#1072,#1119,#647,.T.);
#1448=EDGE_CURVE('',#1073,#1118,#648,.T.);
#1449=EDGE_CURVE('',#1074,#1117,#649,.T.);
#1450=EDGE_CURVE('',#1075,#1116,#650,.T.);
#1451=EDGE_CURVE('',#1076,#1115,#651,.T.);
#1452=EDGE_CURVE('',#1077,#1114,#652,.T.);
#1453=EDGE_CURVE('',#1078,#1113,#653,.T.);
#1454=EDGE_CURVE('',#1079,#1112,#654,.T.);
#1455=EDGE_CURVE('',#1080,#1111,#655,.T.);
#1456=EDGE_CURVE('',#1081,#1110,#656,.T.);
#1457=EDGE_CURVE('',#1059,#1109,#657,.T.);
#1458=ORIENTED_EDGE('',*,*,#1158,.F.);
#1459=ORIENTED_EDGE('',*,*,#1159,.T.);
#1460=ORIENTED_EDGE('',*,*,#1160,.F.);
#1461=ORIENTED_EDGE('',*,*,#1159,.F.);
#1462=ORIENTED_EDGE('',*,*,#1158,.T.);
#1463=ORIENTED_EDGE('',*,*,#1161,.F.);
#1464=ORIENTED_EDGE('',*,*,#1162,.T.);
#1465=ORIENTED_EDGE('',*,*,#1163,.F.);
#1466=ORIENTED_EDGE('',*,*,#1162,.F.);
#1467=ORIENTED_EDGE('',*,*,#1161,.T.);
#1468=ORIENTED_EDGE('',*,*,#1164,.F.);
#1469=ORIENTED_EDGE('',*,*,#1165,.T.);
#1470=ORIENTED_EDGE('',*,*,#1166,.T.);
#1471=ORIENTED_EDGE('',*,*,#1165,.F.);
#1472=ORIENTED_EDGE('',*,*,#1166,.F.);
#1473=ORIENTED_EDGE('',*,*,#1167,.F.);
#1474=ORIENTED_EDGE('',*,*,#1168,.T.);
#1475=ORIENTED_EDGE('',*,*,#1169,.T.);
#1476=ORIENTED_EDGE('',*,*,#1168,.F.);
#1477=ORIENTED_EDGE('',*,*,#1169,.F.);
#1478=ORIENTED_EDGE('',*,*,#1170,.F.);
#1479=ORIENTED_EDGE('',*,*,#1171,.T.);
#1480=ORIENTED_EDGE('',*,*,#1172,.T.);
#1481=ORIENTED_EDGE('',*,*,#1171,.F.);
#1482=ORIENTED_EDGE('',*,*,#1172,.F.);
#1483=ORIENTED_EDGE('',*,*,#1173,.F.);
#1484=ORIENTED_EDGE('',*,*,#1174,.T.);
#1485=ORIENTED_EDGE('',*,*,#1175,.T.);
#1486=ORIENTED_EDGE('',*,*,#1174,.F.);
#1487=ORIENTED_EDGE('',*,*,#1175,.F.);
#1488=ORIENTED_EDGE('',*,*,#1176,.T.);
#1489=ORIENTED_EDGE('',*,*,#1177,.T.);
#1490=ORIENTED_EDGE('',*,*,#1178,.F.);
#1491=ORIENTED_EDGE('',*,*,#1179,.F.);
#1492=ORIENTED_EDGE('',*,*,#1160,.T.);
#1493=ORIENTED_EDGE('',*,*,#1163,.T.);
#1494=ORIENTED_EDGE('',*,*,#1180,.T.);
#1495=ORIENTED_EDGE('',*,*,#1179,.T.);
#1496=ORIENTED_EDGE('',*,*,#1181,.F.);
#1497=ORIENTED_EDGE('',*,*,#1182,.F.);
#1498=ORIENTED_EDGE('',*,*,#1183,.T.);
#1499=ORIENTED_EDGE('',*,*,#1182,.T.);
#1500=ORIENTED_EDGE('',*,*,#1184,.F.);
#1501=ORIENTED_EDGE('',*,*,#1185,.F.);
#1502=ORIENTED_EDGE('',*,*,#1186,.T.);
#1503=ORIENTED_EDGE('',*,*,#1185,.T.);
#1504=ORIENTED_EDGE('',*,*,#1187,.F.);
#1505=ORIENTED_EDGE('',*,*,#1177,.F.);
#1506=ORIENTED_EDGE('',*,*,#1187,.T.);
#1507=ORIENTED_EDGE('',*,*,#1184,.T.);
#1508=ORIENTED_EDGE('',*,*,#1181,.T.);
#1509=ORIENTED_EDGE('',*,*,#1178,.T.);
#1510=ORIENTED_EDGE('',*,*,#1186,.F.);
#1511=ORIENTED_EDGE('',*,*,#1176,.F.);
#1512=ORIENTED_EDGE('',*,*,#1180,.F.);
#1513=ORIENTED_EDGE('',*,*,#1183,.F.);
#1514=ORIENTED_EDGE('',*,*,#1164,.T.);
#1515=ORIENTED_EDGE('',*,*,#1167,.T.);
#1516=ORIENTED_EDGE('',*,*,#1170,.T.);
#1517=ORIENTED_EDGE('',*,*,#1173,.T.);
#1518=ORIENTED_EDGE('',*,*,#1188,.F.);
#1519=ORIENTED_EDGE('',*,*,#1189,.T.);
#1520=ORIENTED_EDGE('',*,*,#1190,.F.);
#1521=ORIENTED_EDGE('',*,*,#1189,.F.);
#1522=ORIENTED_EDGE('',*,*,#1191,.F.);
#1523=ORIENTED_EDGE('',*,*,#1192,.T.);
#1524=ORIENTED_EDGE('',*,*,#1193,.F.);
#1525=ORIENTED_EDGE('',*,*,#1192,.F.);
#1526=ORIENTED_EDGE('',*,*,#1194,.F.);
#1527=ORIENTED_EDGE('',*,*,#1195,.T.);
#1528=ORIENTED_EDGE('',*,*,#1196,.F.);
#1529=ORIENTED_EDGE('',*,*,#1195,.F.);
#1530=ORIENTED_EDGE('',*,*,#1197,.F.);
#1531=ORIENTED_EDGE('',*,*,#1198,.T.);
#1532=ORIENTED_EDGE('',*,*,#1199,.F.);
#1533=ORIENTED_EDGE('',*,*,#1198,.F.);
#1534=ORIENTED_EDGE('',*,*,#1200,.T.);
#1535=ORIENTED_EDGE('',*,*,#1201,.T.);
#1536=ORIENTED_EDGE('',*,*,#1202,.F.);
#1537=ORIENTED_EDGE('',*,*,#1203,.F.);
#1538=ORIENTED_EDGE('',*,*,#1204,.T.);
#1539=ORIENTED_EDGE('',*,*,#1203,.T.);
#1540=ORIENTED_EDGE('',*,*,#1205,.F.);
#1541=ORIENTED_EDGE('',*,*,#1206,.F.);
#1542=ORIENTED_EDGE('',*,*,#1207,.T.);
#1543=ORIENTED_EDGE('',*,*,#1206,.T.);
#1544=ORIENTED_EDGE('',*,*,#1208,.F.);
#1545=ORIENTED_EDGE('',*,*,#1209,.F.);
#1546=ORIENTED_EDGE('',*,*,#1210,.T.);
#1547=ORIENTED_EDGE('',*,*,#1209,.T.);
#1548=ORIENTED_EDGE('',*,*,#1211,.F.);
#1549=ORIENTED_EDGE('',*,*,#1201,.F.);
#1550=ORIENTED_EDGE('',*,*,#1211,.T.);
#1551=ORIENTED_EDGE('',*,*,#1208,.T.);
#1552=ORIENTED_EDGE('',*,*,#1205,.T.);
#1553=ORIENTED_EDGE('',*,*,#1202,.T.);
#1554=ORIENTED_EDGE('',*,*,#1190,.T.);
#1555=ORIENTED_EDGE('',*,*,#1193,.T.);
#1556=ORIENTED_EDGE('',*,*,#1196,.T.);
#1557=ORIENTED_EDGE('',*,*,#1199,.T.);
#1558=ORIENTED_EDGE('',*,*,#1210,.F.);
#1559=ORIENTED_EDGE('',*,*,#1200,.F.);
#1560=ORIENTED_EDGE('',*,*,#1204,.F.);
#1561=ORIENTED_EDGE('',*,*,#1207,.F.);
#1562=ORIENTED_EDGE('',*,*,#1188,.T.);
#1563=ORIENTED_EDGE('',*,*,#1191,.T.);
#1564=ORIENTED_EDGE('',*,*,#1194,.T.);
#1565=ORIENTED_EDGE('',*,*,#1197,.T.);
#1566=ORIENTED_EDGE('',*,*,#1212,.F.);
#1567=ORIENTED_EDGE('',*,*,#1213,.T.);
#1568=ORIENTED_EDGE('',*,*,#1214,.F.);
#1569=ORIENTED_EDGE('',*,*,#1215,.F.);
#1570=ORIENTED_EDGE('',*,*,#1216,.F.);
#1571=ORIENTED_EDGE('',*,*,#1217,.F.);
#1572=ORIENTED_EDGE('',*,*,#1218,.F.);
#1573=ORIENTED_EDGE('',*,*,#1219,.F.);
#1574=ORIENTED_EDGE('',*,*,#1220,.F.);
#1575=ORIENTED_EDGE('',*,*,#1219,.T.);
#1576=ORIENTED_EDGE('',*,*,#1221,.F.);
#1577=ORIENTED_EDGE('',*,*,#1213,.F.);
#1578=ORIENTED_EDGE('',*,*,#1221,.T.);
#1579=ORIENTED_EDGE('',*,*,#1218,.T.);
#1580=ORIENTED_EDGE('',*,*,#1222,.F.);
#1581=ORIENTED_EDGE('',*,*,#1214,.T.);
#1582=ORIENTED_EDGE('',*,*,#1223,.F.);
#1583=ORIENTED_EDGE('',*,*,#1224,.T.);
#1584=ORIENTED_EDGE('',*,*,#1225,.T.);
#1585=ORIENTED_EDGE('',*,*,#1224,.F.);
#1586=ORIENTED_EDGE('',*,*,#1226,.F.);
#1587=ORIENTED_EDGE('',*,*,#1227,.T.);
#1588=ORIENTED_EDGE('',*,*,#1228,.T.);
#1589=ORIENTED_EDGE('',*,*,#1227,.F.);
#1590=ORIENTED_EDGE('',*,*,#1229,.F.);
#1591=ORIENTED_EDGE('',*,*,#1230,.T.);
#1592=ORIENTED_EDGE('',*,*,#1231,.T.);
#1593=ORIENTED_EDGE('',*,*,#1230,.F.);
#1594=ORIENTED_EDGE('',*,*,#1232,.F.);
#1595=ORIENTED_EDGE('',*,*,#1233,.T.);
#1596=ORIENTED_EDGE('',*,*,#1234,.T.);
#1597=ORIENTED_EDGE('',*,*,#1233,.F.);
#1598=ORIENTED_EDGE('',*,*,#1235,.T.);
#1599=ORIENTED_EDGE('',*,*,#1236,.T.);
#1600=ORIENTED_EDGE('',*,*,#1237,.F.);
#1601=ORIENTED_EDGE('',*,*,#1238,.F.);
#1602=ORIENTED_EDGE('',*,*,#1239,.T.);
#1603=ORIENTED_EDGE('',*,*,#1238,.T.);
#1604=ORIENTED_EDGE('',*,*,#1240,.F.);
#1605=ORIENTED_EDGE('',*,*,#1241,.F.);
#1606=ORIENTED_EDGE('',*,*,#1217,.T.);
#1607=ORIENTED_EDGE('',*,*,#1242,.T.);
#1608=ORIENTED_EDGE('',*,*,#1241,.T.);
#1609=ORIENTED_EDGE('',*,*,#1243,.F.);
#1610=ORIENTED_EDGE('',*,*,#1244,.F.);
#1611=ORIENTED_EDGE('',*,*,#1245,.T.);
#1612=ORIENTED_EDGE('',*,*,#1215,.T.);
#1613=ORIENTED_EDGE('',*,*,#1222,.T.);
#1614=ORIENTED_EDGE('',*,*,#1246,.T.);
#1615=ORIENTED_EDGE('',*,*,#1244,.T.);
#1616=ORIENTED_EDGE('',*,*,#1247,.F.);
#1617=ORIENTED_EDGE('',*,*,#1236,.F.);
#1618=ORIENTED_EDGE('',*,*,#1247,.T.);
#1619=ORIENTED_EDGE('',*,*,#1243,.T.);
#1620=ORIENTED_EDGE('',*,*,#1240,.T.);
#1621=ORIENTED_EDGE('',*,*,#1237,.T.);
#1622=ORIENTED_EDGE('',*,*,#1232,.T.);
#1623=ORIENTED_EDGE('',*,*,#1229,.T.);
#1624=ORIENTED_EDGE('',*,*,#1226,.T.);
#1625=ORIENTED_EDGE('',*,*,#1223,.T.);
#1626=ORIENTED_EDGE('',*,*,#1246,.F.);
#1627=ORIENTED_EDGE('',*,*,#1235,.F.);
#1628=ORIENTED_EDGE('',*,*,#1239,.F.);
#1629=ORIENTED_EDGE('',*,*,#1242,.F.);
#1630=ORIENTED_EDGE('',*,*,#1216,.T.);
#1631=ORIENTED_EDGE('',*,*,#1220,.T.);
#1632=ORIENTED_EDGE('',*,*,#1212,.T.);
#1633=ORIENTED_EDGE('',*,*,#1245,.F.);
#1634=ORIENTED_EDGE('',*,*,#1234,.F.);
#1635=ORIENTED_EDGE('',*,*,#1231,.F.);
#1636=ORIENTED_EDGE('',*,*,#1228,.F.);
#1637=ORIENTED_EDGE('',*,*,#1225,.F.);
#1638=ORIENTED_EDGE('',*,*,#1248,.F.);
#1639=ORIENTED_EDGE('',*,*,#1249,.T.);
#1640=ORIENTED_EDGE('',*,*,#1250,.F.);
#1641=ORIENTED_EDGE('',*,*,#1249,.F.);
#1642=ORIENTED_EDGE('',*,*,#1251,.F.);
#1643=ORIENTED_EDGE('',*,*,#1252,.T.);
#1644=ORIENTED_EDGE('',*,*,#1253,.F.);
#1645=ORIENTED_EDGE('',*,*,#1252,.F.);
#1646=ORIENTED_EDGE('',*,*,#1254,.F.);
#1647=ORIENTED_EDGE('',*,*,#1255,.T.);
#1648=ORIENTED_EDGE('',*,*,#1256,.F.);
#1649=ORIENTED_EDGE('',*,*,#1255,.F.);
#1650=ORIENTED_EDGE('',*,*,#1257,.F.);
#1651=ORIENTED_EDGE('',*,*,#1258,.T.);
#1652=ORIENTED_EDGE('',*,*,#1259,.F.);
#1653=ORIENTED_EDGE('',*,*,#1258,.F.);
#1654=ORIENTED_EDGE('',*,*,#1260,.F.);
#1655=ORIENTED_EDGE('',*,*,#1261,.T.);
#1656=ORIENTED_EDGE('',*,*,#1262,.F.);
#1657=ORIENTED_EDGE('',*,*,#1261,.F.);
#1658=ORIENTED_EDGE('',*,*,#1263,.F.);
#1659=ORIENTED_EDGE('',*,*,#1264,.T.);
#1660=ORIENTED_EDGE('',*,*,#1265,.F.);
#1661=ORIENTED_EDGE('',*,*,#1264,.F.);
#1662=ORIENTED_EDGE('',*,*,#1266,.F.);
#1663=ORIENTED_EDGE('',*,*,#1267,.T.);
#1664=ORIENTED_EDGE('',*,*,#1268,.F.);
#1665=ORIENTED_EDGE('',*,*,#1267,.F.);
#1666=ORIENTED_EDGE('',*,*,#1269,.F.);
#1667=ORIENTED_EDGE('',*,*,#1270,.T.);
#1668=ORIENTED_EDGE('',*,*,#1271,.F.);
#1669=ORIENTED_EDGE('',*,*,#1270,.F.);
#1670=ORIENTED_EDGE('',*,*,#1272,.F.);
#1671=ORIENTED_EDGE('',*,*,#1273,.T.);
#1672=ORIENTED_EDGE('',*,*,#1274,.F.);
#1673=ORIENTED_EDGE('',*,*,#1273,.F.);
#1674=ORIENTED_EDGE('',*,*,#1275,.F.);
#1675=ORIENTED_EDGE('',*,*,#1276,.T.);
#1676=ORIENTED_EDGE('',*,*,#1277,.F.);
#1677=ORIENTED_EDGE('',*,*,#1276,.F.);
#1678=ORIENTED_EDGE('',*,*,#1278,.F.);
#1679=ORIENTED_EDGE('',*,*,#1279,.T.);
#1680=ORIENTED_EDGE('',*,*,#1280,.F.);
#1681=ORIENTED_EDGE('',*,*,#1279,.F.);
#1682=ORIENTED_EDGE('',*,*,#1281,.F.);
#1683=ORIENTED_EDGE('',*,*,#1282,.T.);
#1684=ORIENTED_EDGE('',*,*,#1283,.F.);
#1685=ORIENTED_EDGE('',*,*,#1282,.F.);
#1686=ORIENTED_EDGE('',*,*,#1284,.F.);
#1687=ORIENTED_EDGE('',*,*,#1285,.F.);
#1688=ORIENTED_EDGE('',*,*,#1286,.F.);
#1689=ORIENTED_EDGE('',*,*,#1287,.T.);
#1690=ORIENTED_EDGE('',*,*,#1288,.F.);
#1691=ORIENTED_EDGE('',*,*,#1289,.F.);
#1692=ORIENTED_EDGE('',*,*,#1290,.F.);
#1693=ORIENTED_EDGE('',*,*,#1291,.T.);
#1694=ORIENTED_EDGE('',*,*,#1292,.F.);
#1695=ORIENTED_EDGE('',*,*,#1293,.F.);
#1696=ORIENTED_EDGE('',*,*,#1294,.F.);
#1697=ORIENTED_EDGE('',*,*,#1295,.T.);
#1698=ORIENTED_EDGE('',*,*,#1296,.F.);
#1699=ORIENTED_EDGE('',*,*,#1297,.F.);
#1700=ORIENTED_EDGE('',*,*,#1298,.F.);
#1701=ORIENTED_EDGE('',*,*,#1299,.T.);
#1702=ORIENTED_EDGE('',*,*,#1300,.F.);
#1703=ORIENTED_EDGE('',*,*,#1301,.F.);
#1704=ORIENTED_EDGE('',*,*,#1302,.F.);
#1705=ORIENTED_EDGE('',*,*,#1303,.F.);
#1706=ORIENTED_EDGE('',*,*,#1304,.F.);
#1707=ORIENTED_EDGE('',*,*,#1305,.F.);
#1708=ORIENTED_EDGE('',*,*,#1306,.F.);
#1709=ORIENTED_EDGE('',*,*,#1307,.F.);
#1710=ORIENTED_EDGE('',*,*,#1308,.F.);
#1711=ORIENTED_EDGE('',*,*,#1309,.F.);
#1712=ORIENTED_EDGE('',*,*,#1310,.F.);
#1713=ORIENTED_EDGE('',*,*,#1311,.F.);
#1714=ORIENTED_EDGE('',*,*,#1312,.F.);
#1715=ORIENTED_EDGE('',*,*,#1313,.F.);
#1716=ORIENTED_EDGE('',*,*,#1314,.F.);
#1717=ORIENTED_EDGE('',*,*,#1315,.F.);
#1718=ORIENTED_EDGE('',*,*,#1316,.F.);
#1719=ORIENTED_EDGE('',*,*,#1317,.F.);
#1720=ORIENTED_EDGE('',*,*,#1318,.F.);
#1721=ORIENTED_EDGE('',*,*,#1319,.F.);
#1722=ORIENTED_EDGE('',*,*,#1320,.F.);
#1723=ORIENTED_EDGE('',*,*,#1321,.F.);
#1724=ORIENTED_EDGE('',*,*,#1322,.F.);
#1725=ORIENTED_EDGE('',*,*,#1323,.F.);
#1726=ORIENTED_EDGE('',*,*,#1248,.T.);
#1727=ORIENTED_EDGE('',*,*,#1251,.T.);
#1728=ORIENTED_EDGE('',*,*,#1254,.T.);
#1729=ORIENTED_EDGE('',*,*,#1257,.T.);
#1730=ORIENTED_EDGE('',*,*,#1260,.T.);
#1731=ORIENTED_EDGE('',*,*,#1263,.T.);
#1732=ORIENTED_EDGE('',*,*,#1266,.T.);
#1733=ORIENTED_EDGE('',*,*,#1269,.T.);
#1734=ORIENTED_EDGE('',*,*,#1274,.T.);
#1735=ORIENTED_EDGE('',*,*,#1277,.T.);
#1736=ORIENTED_EDGE('',*,*,#1280,.T.);
#1737=ORIENTED_EDGE('',*,*,#1283,.T.);
#1738=ORIENTED_EDGE('',*,*,#1324,.T.);
#1739=ORIENTED_EDGE('',*,*,#1294,.T.);
#1740=ORIENTED_EDGE('',*,*,#1325,.T.);
#1741=ORIENTED_EDGE('',*,*,#1326,.F.);
#1742=ORIENTED_EDGE('',*,*,#1327,.F.);
#1743=ORIENTED_EDGE('',*,*,#1328,.F.);
#1744=ORIENTED_EDGE('',*,*,#1329,.F.);
#1745=ORIENTED_EDGE('',*,*,#1330,.F.);
#1746=ORIENTED_EDGE('',*,*,#1331,.F.);
#1747=ORIENTED_EDGE('',*,*,#1332,.F.);
#1748=ORIENTED_EDGE('',*,*,#1333,.F.);
#1749=ORIENTED_EDGE('',*,*,#1334,.F.);
#1750=ORIENTED_EDGE('',*,*,#1335,.F.);
#1751=ORIENTED_EDGE('',*,*,#1336,.F.);
#1752=ORIENTED_EDGE('',*,*,#1337,.F.);
#1753=ORIENTED_EDGE('',*,*,#1338,.F.);
#1754=ORIENTED_EDGE('',*,*,#1339,.F.);
#1755=ORIENTED_EDGE('',*,*,#1340,.F.);
#1756=ORIENTED_EDGE('',*,*,#1341,.F.);
#1757=ORIENTED_EDGE('',*,*,#1342,.F.);
#1758=ORIENTED_EDGE('',*,*,#1343,.F.);
#1759=ORIENTED_EDGE('',*,*,#1344,.F.);
#1760=ORIENTED_EDGE('',*,*,#1345,.T.);
#1761=ORIENTED_EDGE('',*,*,#1346,.F.);
#1762=ORIENTED_EDGE('',*,*,#1347,.T.);
#1763=ORIENTED_EDGE('',*,*,#1298,.T.);
#1764=ORIENTED_EDGE('',*,*,#1348,.T.);
#1765=ORIENTED_EDGE('',*,*,#1349,.F.);
#1766=ORIENTED_EDGE('',*,*,#1350,.T.);
#1767=ORIENTED_EDGE('',*,*,#1290,.T.);
#1768=ORIENTED_EDGE('',*,*,#1351,.F.);
#1769=ORIENTED_EDGE('',*,*,#1352,.F.);
#1770=ORIENTED_EDGE('',*,*,#1353,.T.);
#1771=ORIENTED_EDGE('',*,*,#1286,.T.);
#1772=ORIENTED_EDGE('',*,*,#1354,.T.);
#1773=ORIENTED_EDGE('',*,*,#1355,.T.);
#1774=ORIENTED_EDGE('',*,*,#1356,.T.);
#1775=ORIENTED_EDGE('',*,*,#1357,.T.);
#1776=ORIENTED_EDGE('',*,*,#1358,.T.);
#1777=ORIENTED_EDGE('',*,*,#1359,.T.);
#1778=ORIENTED_EDGE('',*,*,#1360,.T.);
#1779=ORIENTED_EDGE('',*,*,#1361,.T.);
#1780=ORIENTED_EDGE('',*,*,#1362,.T.);
#1781=ORIENTED_EDGE('',*,*,#1363,.T.);
#1782=ORIENTED_EDGE('',*,*,#1364,.T.);
#1783=ORIENTED_EDGE('',*,*,#1365,.T.);
#1784=ORIENTED_EDGE('',*,*,#1366,.T.);
#1785=ORIENTED_EDGE('',*,*,#1367,.T.);
#1786=ORIENTED_EDGE('',*,*,#1368,.T.);
#1787=ORIENTED_EDGE('',*,*,#1369,.T.);
#1788=ORIENTED_EDGE('',*,*,#1370,.T.);
#1789=ORIENTED_EDGE('',*,*,#1371,.T.);
#1790=ORIENTED_EDGE('',*,*,#1372,.T.);
#1791=ORIENTED_EDGE('',*,*,#1373,.T.);
#1792=ORIENTED_EDGE('',*,*,#1374,.T.);
#1793=ORIENTED_EDGE('',*,*,#1375,.T.);
#1794=ORIENTED_EDGE('',*,*,#1376,.T.);
#1795=ORIENTED_EDGE('',*,*,#1377,.T.);
#1796=ORIENTED_EDGE('',*,*,#1250,.T.);
#1797=ORIENTED_EDGE('',*,*,#1253,.T.);
#1798=ORIENTED_EDGE('',*,*,#1256,.T.);
#1799=ORIENTED_EDGE('',*,*,#1259,.T.);
#1800=ORIENTED_EDGE('',*,*,#1262,.T.);
#1801=ORIENTED_EDGE('',*,*,#1265,.T.);
#1802=ORIENTED_EDGE('',*,*,#1268,.T.);
#1803=ORIENTED_EDGE('',*,*,#1271,.T.);
#1804=ORIENTED_EDGE('',*,*,#1272,.T.);
#1805=ORIENTED_EDGE('',*,*,#1275,.T.);
#1806=ORIENTED_EDGE('',*,*,#1278,.T.);
#1807=ORIENTED_EDGE('',*,*,#1281,.T.);
#1808=ORIENTED_EDGE('',*,*,#1378,.T.);
#1809=ORIENTED_EDGE('',*,*,#1284,.T.);
#1810=ORIENTED_EDGE('',*,*,#1379,.T.);
#1811=ORIENTED_EDGE('',*,*,#1380,.T.);
#1812=ORIENTED_EDGE('',*,*,#1381,.T.);
#1813=ORIENTED_EDGE('',*,*,#1296,.T.);
#1814=ORIENTED_EDGE('',*,*,#1382,.T.);
#1815=ORIENTED_EDGE('',*,*,#1383,.T.);
#1816=ORIENTED_EDGE('',*,*,#1384,.T.);
#1817=ORIENTED_EDGE('',*,*,#1288,.T.);
#1818=ORIENTED_EDGE('',*,*,#1385,.T.);
#1819=ORIENTED_EDGE('',*,*,#1386,.T.);
#1820=ORIENTED_EDGE('',*,*,#1387,.T.);
#1821=ORIENTED_EDGE('',*,*,#1388,.T.);
#1822=ORIENTED_EDGE('',*,*,#1389,.T.);
#1823=ORIENTED_EDGE('',*,*,#1390,.T.);
#1824=ORIENTED_EDGE('',*,*,#1391,.T.);
#1825=ORIENTED_EDGE('',*,*,#1392,.T.);
#1826=ORIENTED_EDGE('',*,*,#1393,.T.);
#1827=ORIENTED_EDGE('',*,*,#1394,.T.);
#1828=ORIENTED_EDGE('',*,*,#1395,.T.);
#1829=ORIENTED_EDGE('',*,*,#1396,.T.);
#1830=ORIENTED_EDGE('',*,*,#1397,.T.);
#1831=ORIENTED_EDGE('',*,*,#1398,.T.);
#1832=ORIENTED_EDGE('',*,*,#1399,.T.);
#1833=ORIENTED_EDGE('',*,*,#1400,.T.);
#1834=ORIENTED_EDGE('',*,*,#1401,.T.);
#1835=ORIENTED_EDGE('',*,*,#1402,.T.);
#1836=ORIENTED_EDGE('',*,*,#1403,.T.);
#1837=ORIENTED_EDGE('',*,*,#1404,.T.);
#1838=ORIENTED_EDGE('',*,*,#1405,.T.);
#1839=ORIENTED_EDGE('',*,*,#1406,.T.);
#1840=ORIENTED_EDGE('',*,*,#1407,.T.);
#1841=ORIENTED_EDGE('',*,*,#1292,.T.);
#1842=ORIENTED_EDGE('',*,*,#1353,.F.);
#1843=ORIENTED_EDGE('',*,*,#1408,.T.);
#1844=ORIENTED_EDGE('',*,*,#1379,.F.);
#1845=ORIENTED_EDGE('',*,*,#1287,.F.);
#1846=ORIENTED_EDGE('',*,*,#1351,.T.);
#1847=ORIENTED_EDGE('',*,*,#1285,.T.);
#1848=ORIENTED_EDGE('',*,*,#1378,.F.);
#1849=ORIENTED_EDGE('',*,*,#1409,.F.);
#1850=ORIENTED_EDGE('',*,*,#1352,.T.);
#1851=ORIENTED_EDGE('',*,*,#1409,.T.);
#1852=ORIENTED_EDGE('',*,*,#1380,.F.);
#1853=ORIENTED_EDGE('',*,*,#1408,.F.);
#1854=ORIENTED_EDGE('',*,*,#1345,.F.);
#1855=ORIENTED_EDGE('',*,*,#1297,.T.);
#1856=ORIENTED_EDGE('',*,*,#1381,.F.);
#1857=ORIENTED_EDGE('',*,*,#1410,.F.);
#1858=ORIENTED_EDGE('',*,*,#1346,.T.);
#1859=ORIENTED_EDGE('',*,*,#1410,.T.);
#1860=ORIENTED_EDGE('',*,*,#1383,.F.);
#1861=ORIENTED_EDGE('',*,*,#1411,.F.);
#1862=ORIENTED_EDGE('',*,*,#1347,.F.);
#1863=ORIENTED_EDGE('',*,*,#1411,.T.);
#1864=ORIENTED_EDGE('',*,*,#1382,.F.);
#1865=ORIENTED_EDGE('',*,*,#1299,.F.);
#1866=ORIENTED_EDGE('',*,*,#1348,.F.);
#1867=ORIENTED_EDGE('',*,*,#1289,.T.);
#1868=ORIENTED_EDGE('',*,*,#1384,.F.);
#1869=ORIENTED_EDGE('',*,*,#1412,.F.);
#1870=ORIENTED_EDGE('',*,*,#1349,.T.);
#1871=ORIENTED_EDGE('',*,*,#1412,.T.);
#1872=ORIENTED_EDGE('',*,*,#1386,.F.);
#1873=ORIENTED_EDGE('',*,*,#1413,.F.);
#1874=ORIENTED_EDGE('',*,*,#1350,.F.);
#1875=ORIENTED_EDGE('',*,*,#1413,.T.);
#1876=ORIENTED_EDGE('',*,*,#1385,.F.);
#1877=ORIENTED_EDGE('',*,*,#1291,.F.);
#1878=ORIENTED_EDGE('',*,*,#1325,.F.);
#1879=ORIENTED_EDGE('',*,*,#1293,.T.);
#1880=ORIENTED_EDGE('',*,*,#1407,.F.);
#1881=ORIENTED_EDGE('',*,*,#1414,.F.);
#1882=ORIENTED_EDGE('',*,*,#1326,.T.);
#1883=ORIENTED_EDGE('',*,*,#1414,.T.);
#1884=ORIENTED_EDGE('',*,*,#1406,.F.);
#1885=ORIENTED_EDGE('',*,*,#1415,.F.);
#1886=ORIENTED_EDGE('',*,*,#1324,.F.);
#1887=ORIENTED_EDGE('',*,*,#1415,.T.);
#1888=ORIENTED_EDGE('',*,*,#1405,.F.);
#1889=ORIENTED_EDGE('',*,*,#1295,.F.);
#1890=ORIENTED_EDGE('',*,*,#1328,.T.);
#1891=ORIENTED_EDGE('',*,*,#1416,.T.);
#1892=ORIENTED_EDGE('',*,*,#1392,.F.);
#1893=ORIENTED_EDGE('',*,*,#1417,.F.);
#1894=ORIENTED_EDGE('',*,*,#1329,.T.);
#1895=ORIENTED_EDGE('',*,*,#1417,.T.);
#1896=ORIENTED_EDGE('',*,*,#1391,.F.);
#1897=ORIENTED_EDGE('',*,*,#1418,.F.);
#1898=ORIENTED_EDGE('',*,*,#1330,.T.);
#1899=ORIENTED_EDGE('',*,*,#1418,.T.);
#1900=ORIENTED_EDGE('',*,*,#1390,.F.);
#1901=ORIENTED_EDGE('',*,*,#1419,.F.);
#1902=ORIENTED_EDGE('',*,*,#1331,.T.);
#1903=ORIENTED_EDGE('',*,*,#1419,.T.);
#1904=ORIENTED_EDGE('',*,*,#1389,.F.);
#1905=ORIENTED_EDGE('',*,*,#1420,.F.);
#1906=ORIENTED_EDGE('',*,*,#1332,.T.);
#1907=ORIENTED_EDGE('',*,*,#1420,.T.);
#1908=ORIENTED_EDGE('',*,*,#1388,.F.);
#1909=ORIENTED_EDGE('',*,*,#1421,.F.);
#1910=ORIENTED_EDGE('',*,*,#1327,.T.);
#1911=ORIENTED_EDGE('',*,*,#1421,.T.);
#1912=ORIENTED_EDGE('',*,*,#1387,.F.);
#1913=ORIENTED_EDGE('',*,*,#1416,.F.);
#1914=ORIENTED_EDGE('',*,*,#1393,.F.);
#1915=ORIENTED_EDGE('',*,*,#1422,.T.);
#1916=ORIENTED_EDGE('',*,*,#1333,.T.);
#1917=ORIENTED_EDGE('',*,*,#1422,.F.);
#1918=ORIENTED_EDGE('',*,*,#1394,.F.);
#1919=ORIENTED_EDGE('',*,*,#1423,.T.);
#1920=ORIENTED_EDGE('',*,*,#1334,.T.);
#1921=ORIENTED_EDGE('',*,*,#1423,.F.);
#1922=ORIENTED_EDGE('',*,*,#1395,.F.);
#1923=ORIENTED_EDGE('',*,*,#1424,.T.);
#1924=ORIENTED_EDGE('',*,*,#1335,.T.);
#1925=ORIENTED_EDGE('',*,*,#1424,.F.);
#1926=ORIENTED_EDGE('',*,*,#1396,.F.);
#1927=ORIENTED_EDGE('',*,*,#1425,.T.);
#1928=ORIENTED_EDGE('',*,*,#1336,.T.);
#1929=ORIENTED_EDGE('',*,*,#1425,.F.);
#1930=ORIENTED_EDGE('',*,*,#1397,.F.);
#1931=ORIENTED_EDGE('',*,*,#1426,.T.);
#1932=ORIENTED_EDGE('',*,*,#1337,.T.);
#1933=ORIENTED_EDGE('',*,*,#1426,.F.);
#1934=ORIENTED_EDGE('',*,*,#1398,.F.);
#1935=ORIENTED_EDGE('',*,*,#1427,.T.);
#1936=ORIENTED_EDGE('',*,*,#1338,.T.);
#1937=ORIENTED_EDGE('',*,*,#1427,.F.);
#1938=ORIENTED_EDGE('',*,*,#1399,.F.);
#1939=ORIENTED_EDGE('',*,*,#1428,.T.);
#1940=ORIENTED_EDGE('',*,*,#1339,.T.);
#1941=ORIENTED_EDGE('',*,*,#1428,.F.);
#1942=ORIENTED_EDGE('',*,*,#1400,.F.);
#1943=ORIENTED_EDGE('',*,*,#1429,.T.);
#1944=ORIENTED_EDGE('',*,*,#1340,.T.);
#1945=ORIENTED_EDGE('',*,*,#1429,.F.);
#1946=ORIENTED_EDGE('',*,*,#1401,.F.);
#1947=ORIENTED_EDGE('',*,*,#1430,.T.);
#1948=ORIENTED_EDGE('',*,*,#1341,.T.);
#1949=ORIENTED_EDGE('',*,*,#1430,.F.);
#1950=ORIENTED_EDGE('',*,*,#1402,.F.);
#1951=ORIENTED_EDGE('',*,*,#1431,.T.);
#1952=ORIENTED_EDGE('',*,*,#1342,.T.);
#1953=ORIENTED_EDGE('',*,*,#1431,.F.);
#1954=ORIENTED_EDGE('',*,*,#1403,.F.);
#1955=ORIENTED_EDGE('',*,*,#1432,.T.);
#1956=ORIENTED_EDGE('',*,*,#1343,.T.);
#1957=ORIENTED_EDGE('',*,*,#1432,.F.);
#1958=ORIENTED_EDGE('',*,*,#1404,.F.);
#1959=ORIENTED_EDGE('',*,*,#1433,.T.);
#1960=ORIENTED_EDGE('',*,*,#1344,.T.);
#1961=ORIENTED_EDGE('',*,*,#1433,.F.);
#1962=ORIENTED_EDGE('',*,*,#1301,.T.);
#1963=ORIENTED_EDGE('',*,*,#1434,.T.);
#1964=ORIENTED_EDGE('',*,*,#1377,.F.);
#1965=ORIENTED_EDGE('',*,*,#1435,.F.);
#1966=ORIENTED_EDGE('',*,*,#1302,.T.);
#1967=ORIENTED_EDGE('',*,*,#1435,.T.);
#1968=ORIENTED_EDGE('',*,*,#1376,.F.);
#1969=ORIENTED_EDGE('',*,*,#1436,.F.);
#1970=ORIENTED_EDGE('',*,*,#1303,.T.);
#1971=ORIENTED_EDGE('',*,*,#1436,.T.);
#1972=ORIENTED_EDGE('',*,*,#1375,.F.);
#1973=ORIENTED_EDGE('',*,*,#1437,.F.);
#1974=ORIENTED_EDGE('',*,*,#1304,.T.);
#1975=ORIENTED_EDGE('',*,*,#1437,.T.);
#1976=ORIENTED_EDGE('',*,*,#1374,.F.);
#1977=ORIENTED_EDGE('',*,*,#1438,.F.);
#1978=ORIENTED_EDGE('',*,*,#1305,.T.);
#1979=ORIENTED_EDGE('',*,*,#1438,.T.);
#1980=ORIENTED_EDGE('',*,*,#1373,.F.);
#1981=ORIENTED_EDGE('',*,*,#1439,.F.);
#1982=ORIENTED_EDGE('',*,*,#1306,.T.);
#1983=ORIENTED_EDGE('',*,*,#1439,.T.);
#1984=ORIENTED_EDGE('',*,*,#1372,.F.);
#1985=ORIENTED_EDGE('',*,*,#1440,.F.);
#1986=ORIENTED_EDGE('',*,*,#1307,.T.);
#1987=ORIENTED_EDGE('',*,*,#1440,.T.);
#1988=ORIENTED_EDGE('',*,*,#1371,.F.);
#1989=ORIENTED_EDGE('',*,*,#1441,.F.);
#1990=ORIENTED_EDGE('',*,*,#1308,.T.);
#1991=ORIENTED_EDGE('',*,*,#1441,.T.);
#1992=ORIENTED_EDGE('',*,*,#1370,.F.);
#1993=ORIENTED_EDGE('',*,*,#1442,.F.);
#1994=ORIENTED_EDGE('',*,*,#1309,.T.);
#1995=ORIENTED_EDGE('',*,*,#1442,.T.);
#1996=ORIENTED_EDGE('',*,*,#1369,.F.);
#1997=ORIENTED_EDGE('',*,*,#1443,.F.);
#1998=ORIENTED_EDGE('',*,*,#1310,.T.);
#1999=ORIENTED_EDGE('',*,*,#1443,.T.);
#2000=ORIENTED_EDGE('',*,*,#1368,.F.);
#2001=ORIENTED_EDGE('',*,*,#1444,.F.);
#2002=ORIENTED_EDGE('',*,*,#1311,.T.);
#2003=ORIENTED_EDGE('',*,*,#1444,.T.);
#2004=ORIENTED_EDGE('',*,*,#1367,.F.);
#2005=ORIENTED_EDGE('',*,*,#1445,.F.);
#2006=ORIENTED_EDGE('',*,*,#1312,.T.);
#2007=ORIENTED_EDGE('',*,*,#1445,.T.);
#2008=ORIENTED_EDGE('',*,*,#1366,.F.);
#2009=ORIENTED_EDGE('',*,*,#1446,.F.);
#2010=ORIENTED_EDGE('',*,*,#1313,.T.);
#2011=ORIENTED_EDGE('',*,*,#1446,.T.);
#2012=ORIENTED_EDGE('',*,*,#1365,.F.);
#2013=ORIENTED_EDGE('',*,*,#1447,.F.);
#2014=ORIENTED_EDGE('',*,*,#1314,.T.);
#2015=ORIENTED_EDGE('',*,*,#1447,.T.);
#2016=ORIENTED_EDGE('',*,*,#1364,.F.);
#2017=ORIENTED_EDGE('',*,*,#1448,.F.);
#2018=ORIENTED_EDGE('',*,*,#1315,.T.);
#2019=ORIENTED_EDGE('',*,*,#1448,.T.);
#2020=ORIENTED_EDGE('',*,*,#1363,.F.);
#2021=ORIENTED_EDGE('',*,*,#1449,.F.);
#2022=ORIENTED_EDGE('',*,*,#1316,.T.);
#2023=ORIENTED_EDGE('',*,*,#1449,.T.);
#2024=ORIENTED_EDGE('',*,*,#1362,.F.);
#2025=ORIENTED_EDGE('',*,*,#1450,.F.);
#2026=ORIENTED_EDGE('',*,*,#1317,.T.);
#2027=ORIENTED_EDGE('',*,*,#1450,.T.);
#2028=ORIENTED_EDGE('',*,*,#1361,.F.);
#2029=ORIENTED_EDGE('',*,*,#1451,.F.);
#2030=ORIENTED_EDGE('',*,*,#1318,.T.);
#2031=ORIENTED_EDGE('',*,*,#1451,.T.);
#2032=ORIENTED_EDGE('',*,*,#1360,.F.);
#2033=ORIENTED_EDGE('',*,*,#1452,.F.);
#2034=ORIENTED_EDGE('',*,*,#1319,.T.);
#2035=ORIENTED_EDGE('',*,*,#1452,.T.);
#2036=ORIENTED_EDGE('',*,*,#1359,.F.);
#2037=ORIENTED_EDGE('',*,*,#1453,.F.);
#2038=ORIENTED_EDGE('',*,*,#1320,.T.);
#2039=ORIENTED_EDGE('',*,*,#1453,.T.);
#2040=ORIENTED_EDGE('',*,*,#1358,.F.);
#2041=ORIENTED_EDGE('',*,*,#1454,.F.);
#2042=ORIENTED_EDGE('',*,*,#1321,.T.);
#2043=ORIENTED_EDGE('',*,*,#1454,.T.);
#2044=ORIENTED_EDGE('',*,*,#1357,.F.);
#2045=ORIENTED_EDGE('',*,*,#1455,.F.);
#2046=ORIENTED_EDGE('',*,*,#1322,.T.);
#2047=ORIENTED_EDGE('',*,*,#1455,.T.);
#2048=ORIENTED_EDGE('',*,*,#1356,.F.);
#2049=ORIENTED_EDGE('',*,*,#1456,.F.);
#2050=ORIENTED_EDGE('',*,*,#1323,.T.);
#2051=ORIENTED_EDGE('',*,*,#1456,.T.);
#2052=ORIENTED_EDGE('',*,*,#1355,.F.);
#2053=ORIENTED_EDGE('',*,*,#1457,.F.);
#2054=ORIENTED_EDGE('',*,*,#1300,.T.);
#2055=ORIENTED_EDGE('',*,*,#1457,.T.);
#2056=ORIENTED_EDGE('',*,*,#1354,.F.);
#2057=ORIENTED_EDGE('',*,*,#1434,.F.);
#2058=CYLINDRICAL_SURFACE('',#2273,3.1);
#2059=CYLINDRICAL_SURFACE('',#2277,3.1);
#2060=CYLINDRICAL_SURFACE('',#2281,1.25);
#2061=CYLINDRICAL_SURFACE('',#2285,1.25);
#2062=CYLINDRICAL_SURFACE('',#2289,1.25);
#2063=CYLINDRICAL_SURFACE('',#2293,1.25);
#2064=CYLINDRICAL_SURFACE('',#2304,1.75);
#2065=CYLINDRICAL_SURFACE('',#2307,1.75);
#2066=CYLINDRICAL_SURFACE('',#2310,1.75);
#2067=CYLINDRICAL_SURFACE('',#2313,1.75);
#2068=CYLINDRICAL_SURFACE('',#2327,1.775);
#2069=CYLINDRICAL_SURFACE('',#2330,1.775);
#2070=CYLINDRICAL_SURFACE('',#2333,1.775);
#2071=CYLINDRICAL_SURFACE('',#2336,1.775);
#2072=CYLINDRICAL_SURFACE('',#2345,1.775);
#2073=CYLINDRICAL_SURFACE('',#2348,1.775);
#2074=CYLINDRICAL_SURFACE('',#2351,1.775);
#2075=CYLINDRICAL_SURFACE('',#2354,1.775);
#2076=CYLINDRICAL_SURFACE('',#2357,1.25);
#2077=CYLINDRICAL_SURFACE('',#2360,1.25);
#2078=CYLINDRICAL_SURFACE('',#2363,1.25);
#2079=CYLINDRICAL_SURFACE('',#2366,1.25);
#2080=CYLINDRICAL_SURFACE('',#2369,1.75);
#2081=CYLINDRICAL_SURFACE('',#2372,1.75);
#2082=CYLINDRICAL_SURFACE('',#2375,1.75);
#2083=CYLINDRICAL_SURFACE('',#2378,1.75);
#2084=CYLINDRICAL_SURFACE('',#2381,1.6);
#2085=CYLINDRICAL_SURFACE('',#2384,1.59999999999996);
#2086=CYLINDRICAL_SURFACE('',#2387,1.60000000000007);
#2087=CYLINDRICAL_SURFACE('',#2390,1.6);
#2088=CYLINDRICAL_SURFACE('',#2459,1.6);
#2089=CYLINDRICAL_SURFACE('',#2461,1.6);
#2090=CYLINDRICAL_SURFACE('',#2464,1.6);
#2091=CYLINDRICAL_SURFACE('',#2467,1.6);
#2092=CYLINDRICAL_SURFACE('',#2469,9.99999999999999);
#2093=CYLINDRICAL_SURFACE('',#2471,10.);
#2094=CYLINDRICAL_SURFACE('',#2473,17.4999999999999);
#2095=CYLINDRICAL_SURFACE('',#2475,2.10000000000001);
#2096=CYLINDRICAL_SURFACE('',#2476,2.1);
#2097=CYLINDRICAL_SURFACE('',#2477,1.75);
#2098=CYLINDRICAL_SURFACE('',#2478,1.75);
#2099=CYLINDRICAL_SURFACE('',#2479,1.75);
#2100=CYLINDRICAL_SURFACE('',#2480,3.25);
#2101=CYLINDRICAL_SURFACE('',#2481,3.25);
#2102=CYLINDRICAL_SURFACE('',#2482,3.25);
#2103=CYLINDRICAL_SURFACE('',#2483,3.25);
#2104=CYLINDRICAL_SURFACE('',#2484,1.75);
#2105=CYLINDRICAL_SURFACE('',#2485,2.1);
#2106=CYLINDRICAL_SURFACE('',#2486,2.1);
#2107=CYLINDRICAL_SURFACE('',#2487,10.);
#2108=CYLINDRICAL_SURFACE('',#2489,10.);
#2109=CYLINDRICAL_SURFACE('',#2491,10.);
#2110=CYLINDRICAL_SURFACE('',#2493,10.);
#2111=CYLINDRICAL_SURFACE('',#2495,8.25);
#2112=CYLINDRICAL_SURFACE('',#2497,8.25000000000005);
#2113=CYLINDRICAL_SURFACE('',#2499,10.);
#2114=CYLINDRICAL_SURFACE('',#2501,10.);
#2115=CYLINDRICAL_SURFACE('',#2503,9.99999999999994);
#2116=CYLINDRICAL_SURFACE('',#2505,10.);
#2117=CYLINDRICAL_SURFACE('',#2507,8.25000000000009);
#2118=CYLINDRICAL_SURFACE('',#2509,8.25);
#2119=ADVANCED_FACE('',(#172),#2058,.T.);
#2120=ADVANCED_FACE('',(#173),#119,.F.);
#2121=ADVANCED_FACE('',(#174),#2059,.T.);
#2122=ADVANCED_FACE('',(#175),#120,.F.);
#2123=ADVANCED_FACE('',(#176),#2060,.F.);
#2124=ADVANCED_FACE('',(#177),#121,.F.);
#2125=ADVANCED_FACE('',(#178),#2061,.F.);
#2126=ADVANCED_FACE('',(#179),#122,.F.);
#2127=ADVANCED_FACE('',(#180),#2062,.F.);
#2128=ADVANCED_FACE('',(#181),#123,.F.);
#2129=ADVANCED_FACE('',(#182),#2063,.F.);
#2130=ADVANCED_FACE('',(#183),#124,.F.);
#2131=ADVANCED_FACE('',(#184,#39,#40),#125,.T.);
#2132=ADVANCED_FACE('',(#185),#126,.T.);
#2133=ADVANCED_FACE('',(#186),#127,.T.);
#2134=ADVANCED_FACE('',(#187),#128,.T.);
#2135=ADVANCED_FACE('',(#188),#129,.T.);
#2136=ADVANCED_FACE('',(#189,#41,#42,#43,#44),#130,.F.);
#2137=ADVANCED_FACE('',(#190),#2064,.F.);
#2138=ADVANCED_FACE('',(#191),#2065,.F.);
#2139=ADVANCED_FACE('',(#192),#2066,.F.);
#2140=ADVANCED_FACE('',(#193),#2067,.F.);
#2141=ADVANCED_FACE('',(#194),#131,.T.);
#2142=ADVANCED_FACE('',(#195),#132,.T.);
#2143=ADVANCED_FACE('',(#196),#133,.T.);
#2144=ADVANCED_FACE('',(#197),#134,.T.);
#2145=ADVANCED_FACE('',(#198,#45,#46,#47,#48),#135,.T.);
#2146=ADVANCED_FACE('',(#199,#49,#50,#51,#52),#136,.F.);
#2147=ADVANCED_FACE('',(#200),#137,.T.);
#2148=ADVANCED_FACE('',(#201),#138,.T.);
#2149=ADVANCED_FACE('',(#202),#139,.T.);
#2150=ADVANCED_FACE('',(#203),#140,.T.);
#2151=ADVANCED_FACE('',(#204),#2068,.F.);
#2152=ADVANCED_FACE('',(#205),#2069,.F.);
#2153=ADVANCED_FACE('',(#206),#2070,.F.);
#2154=ADVANCED_FACE('',(#207),#2071,.F.);
#2155=ADVANCED_FACE('',(#208),#141,.T.);
#2156=ADVANCED_FACE('',(#209),#142,.T.);
#2157=ADVANCED_FACE('',(#210),#143,.T.);
#2158=ADVANCED_FACE('',(#211),#144,.T.);
#2159=ADVANCED_FACE('',(#212,#53,#54,#55,#56),#145,.T.);
#2160=ADVANCED_FACE('',(#213,#57,#58,#59,#60),#146,.F.);
#2161=ADVANCED_FACE('',(#214),#2072,.F.);
#2162=ADVANCED_FACE('',(#215),#2073,.F.);
#2163=ADVANCED_FACE('',(#216),#2074,.F.);
#2164=ADVANCED_FACE('',(#217),#2075,.F.);
#2165=ADVANCED_FACE('',(#218),#2076,.F.);
#2166=ADVANCED_FACE('',(#219),#2077,.F.);
#2167=ADVANCED_FACE('',(#220),#2078,.F.);
#2168=ADVANCED_FACE('',(#221),#2079,.F.);
#2169=ADVANCED_FACE('',(#222),#2080,.F.);
#2170=ADVANCED_FACE('',(#223),#2081,.F.);
#2171=ADVANCED_FACE('',(#224),#2082,.F.);
#2172=ADVANCED_FACE('',(#225),#2083,.F.);
#2173=ADVANCED_FACE('',(#226),#2084,.F.);
#2174=ADVANCED_FACE('',(#227),#2085,.F.);
#2175=ADVANCED_FACE('',(#228),#2086,.F.);
#2176=ADVANCED_FACE('',(#229),#2087,.F.);
#2177=ADVANCED_FACE('',(#230,#61,#62,#63,#64,#65,#66,#67,#68,#69,#70,#71,
#72,#73,#74,#75,#76,#77,#78,#79,#80,#81,#82,#83,#84,#85,#86,#87,#88,#89),
#147,.F.);
#2178=ADVANCED_FACE('',(#231,#90,#91,#92,#93,#94,#95,#96,#97,#98,#99,#100,
#101,#102,#103,#104,#105,#106,#107,#108,#109,#110,#111,#112,#113,#114,#115,
#116,#117,#118),#148,.T.);
#2179=ADVANCED_FACE('',(#232),#149,.T.);
#2180=ADVANCED_FACE('',(#233),#150,.T.);
#2181=ADVANCED_FACE('',(#234),#2088,.F.);
#2182=ADVANCED_FACE('',(#235),#151,.T.);
#2183=ADVANCED_FACE('',(#236),#2089,.F.);
#2184=ADVANCED_FACE('',(#237),#152,.T.);
#2185=ADVANCED_FACE('',(#238),#153,.T.);
#2186=ADVANCED_FACE('',(#239),#2090,.F.);
#2187=ADVANCED_FACE('',(#240),#154,.T.);
#2188=ADVANCED_FACE('',(#241),#155,.T.);
#2189=ADVANCED_FACE('',(#242),#2091,.F.);
#2190=ADVANCED_FACE('',(#243),#156,.T.);
#2191=ADVANCED_FACE('',(#244),#2092,.F.);
#2192=ADVANCED_FACE('',(#245),#157,.T.);
#2193=ADVANCED_FACE('',(#246),#2093,.F.);
#2194=ADVANCED_FACE('',(#247),#158,.T.);
#2195=ADVANCED_FACE('',(#248),#2094,.F.);
#2196=ADVANCED_FACE('',(#249),#159,.T.);
#2197=ADVANCED_FACE('',(#250),#2095,.F.);
#2198=ADVANCED_FACE('',(#251),#2096,.F.);
#2199=ADVANCED_FACE('',(#252),#2097,.F.);
#2200=ADVANCED_FACE('',(#253),#2098,.F.);
#2201=ADVANCED_FACE('',(#254),#2099,.F.);
#2202=ADVANCED_FACE('',(#255),#2100,.F.);
#2203=ADVANCED_FACE('',(#256),#2101,.F.);
#2204=ADVANCED_FACE('',(#257),#2102,.F.);
#2205=ADVANCED_FACE('',(#258),#2103,.F.);
#2206=ADVANCED_FACE('',(#259),#2104,.F.);
#2207=ADVANCED_FACE('',(#260),#2105,.F.);
#2208=ADVANCED_FACE('',(#261),#2106,.F.);
#2209=ADVANCED_FACE('',(#262),#2107,.T.);
#2210=ADVANCED_FACE('',(#263),#160,.T.);
#2211=ADVANCED_FACE('',(#264),#2108,.T.);
#2212=ADVANCED_FACE('',(#265),#161,.T.);
#2213=ADVANCED_FACE('',(#266),#2109,.F.);
#2214=ADVANCED_FACE('',(#267),#162,.T.);
#2215=ADVANCED_FACE('',(#268),#2110,.T.);
#2216=ADVANCED_FACE('',(#269),#163,.T.);
#2217=ADVANCED_FACE('',(#270),#2111,.T.);
#2218=ADVANCED_FACE('',(#271),#164,.T.);
#2219=ADVANCED_FACE('',(#272),#2112,.T.);
#2220=ADVANCED_FACE('',(#273),#165,.T.);
#2221=ADVANCED_FACE('',(#274),#2113,.T.);
#2222=ADVANCED_FACE('',(#275),#166,.T.);
#2223=ADVANCED_FACE('',(#276),#2114,.F.);
#2224=ADVANCED_FACE('',(#277),#167,.T.);
#2225=ADVANCED_FACE('',(#278),#2115,.T.);
#2226=ADVANCED_FACE('',(#279),#168,.T.);
#2227=ADVANCED_FACE('',(#280),#2116,.T.);
#2228=ADVANCED_FACE('',(#281),#169,.T.);
#2229=ADVANCED_FACE('',(#282),#2117,.T.);
#2230=ADVANCED_FACE('',(#283),#170,.T.);
#2231=ADVANCED_FACE('',(#284),#2118,.T.);
#2232=ADVANCED_FACE('',(#285),#171,.T.);
#2233=CLOSED_SHELL('',(#2119,#2120,#2121,#2122,#2123,#2124,#2125,#2126,
#2127,#2128,#2129,#2130,#2131,#2132,#2133,#2134,#2135,#2136));
#2234=CLOSED_SHELL('',(#2137,#2138,#2139,#2140,#2141,#2142,#2143,#2144,
#2145,#2146));
#2235=CLOSED_SHELL('',(#2147,#2148,#2149,#2150,#2151,#2152,#2153,#2154,
#2155,#2156,#2157,#2158,#2159,#2160));
#2236=CLOSED_SHELL('',(#2161,#2162,#2163,#2164,#2165,#2166,#2167,#2168,
#2169,#2170,#2171,#2172,#2173,#2174,#2175,#2176,#2177,#2178,#2179,#2180,
#2181,#2182,#2183,#2184,#2185,#2186,#2187,#2188,#2189,#2190,#2191,#2192,
#2193,#2194,#2195,#2196,#2197,#2198,#2199,#2200,#2201,#2202,#2203,#2204,
#2205,#2206,#2207,#2208,#2209,#2210,#2211,#2212,#2213,#2214,#2215,#2216,
#2217,#2218,#2219,#2220,#2221,#2222,#2223,#2224,#2225,#2226,#2227,#2228,
#2229,#2230,#2231,#2232));
#2237=DERIVED_UNIT_ELEMENT(#2243,1.);
#2238=DERIVED_UNIT_ELEMENT(#3810,-3.);
#2239=DERIVED_UNIT_ELEMENT(#2243,1.);
#2240=DERIVED_UNIT_ELEMENT(#3810,-3.);
#2241=DERIVED_UNIT_ELEMENT(#2243,1.);
#2242=DERIVED_UNIT_ELEMENT(#3810,-3.);
#2243=(
MASS_UNIT()
NAMED_UNIT(*)
SI_UNIT(.KILO.,.GRAM.)
);
#2244=DERIVED_UNIT((#2237,#2238));
#2245=DERIVED_UNIT((#2239,#2240));
#2246=DERIVED_UNIT((#2241,#2242));
#2247=MEASURE_REPRESENTATION_ITEM('density measure',
POSITIVE_RATIO_MEASURE(7850.),#2244);
#2248=MEASURE_REPRESENTATION_ITEM('density measure',
POSITIVE_RATIO_MEASURE(7850.),#2245);
#2249=MEASURE_REPRESENTATION_ITEM('density measure',
POSITIVE_RATIO_MEASURE(7850.),#2246);
#2250=PROPERTY_DEFINITION_REPRESENTATION(#2265,#2256);
#2251=PROPERTY_DEFINITION_REPRESENTATION(#2266,#2257);
#2252=PROPERTY_DEFINITION_REPRESENTATION(#2267,#2258);
#2253=PROPERTY_DEFINITION_REPRESENTATION(#2268,#2259);
#2254=PROPERTY_DEFINITION_REPRESENTATION(#2269,#2260);
#2255=PROPERTY_DEFINITION_REPRESENTATION(#2270,#2261);
#2256=REPRESENTATION('material name',(#2262),#3805);
#2257=REPRESENTATION('density',(#2247),#3805);
#2258=REPRESENTATION('material name',(#2263),#3806);
#2259=REPRESENTATION('density',(#2248),#3806);
#2260=REPRESENTATION('material name',(#2264),#3807);
#2261=REPRESENTATION('density',(#2249),#3807);
#2262=DESCRIPTIVE_REPRESENTATION_ITEM('Steel','Steel');
#2263=DESCRIPTIVE_REPRESENTATION_ITEM('Steel','Steel');
#2264=DESCRIPTIVE_REPRESENTATION_ITEM('Steel','Steel');
#2265=PROPERTY_DEFINITION('material property','material name',#3830);
#2266=PROPERTY_DEFINITION('material property','density of part',#3830);
#2267=PROPERTY_DEFINITION('material property','material name',#3831);
#2268=PROPERTY_DEFINITION('material property','density of part',#3831);
#2269=PROPERTY_DEFINITION('material property','material name',#3832);
#2270=PROPERTY_DEFINITION('material property','density of part',#3832);
#2271=AXIS2_PLACEMENT_3D('',#3178,#2514,#2515);
#2272=AXIS2_PLACEMENT_3D('',#3179,#2516,#2517);
#2273=AXIS2_PLACEMENT_3D('',#3180,#2518,#2519);
#2274=AXIS2_PLACEMENT_3D('',#3182,#2520,#2521);
#2275=AXIS2_PLACEMENT_3D('',#3185,#2523,#2524);
#2276=AXIS2_PLACEMENT_3D('',#3186,#2525,#2526);
#2277=AXIS2_PLACEMENT_3D('',#3187,#2527,#2528);
#2278=AXIS2_PLACEMENT_3D('',#3189,#2529,#2530);
#2279=AXIS2_PLACEMENT_3D('',#3192,#2532,#2533);
#2280=AXIS2_PLACEMENT_3D('',#3193,#2534,#2535);
#2281=AXIS2_PLACEMENT_3D('',#3194,#2536,#2537);
#2282=AXIS2_PLACEMENT_3D('',#3196,#2538,#2539);
#2283=AXIS2_PLACEMENT_3D('',#3199,#2541,#2542);
#2284=AXIS2_PLACEMENT_3D('',#3200,#2543,#2544);
#2285=AXIS2_PLACEMENT_3D('',#3201,#2545,#2546);
#2286=AXIS2_PLACEMENT_3D('',#3203,#2547,#2548);
#2287=AXIS2_PLACEMENT_3D('',#3206,#2550,#2551);
#2288=AXIS2_PLACEMENT_3D('',#3207,#2552,#2553);
#2289=AXIS2_PLACEMENT_3D('',#3208,#2554,#2555);
#2290=AXIS2_PLACEMENT_3D('',#3210,#2556,#2557);
#2291=AXIS2_PLACEMENT_3D('',#3213,#2559,#2560);
#2292=AXIS2_PLACEMENT_3D('',#3214,#2561,#2562);
#2293=AXIS2_PLACEMENT_3D('',#3215,#2563,#2564);
#2294=AXIS2_PLACEMENT_3D('',#3217,#2565,#2566);
#2295=AXIS2_PLACEMENT_3D('',#3220,#2568,#2569);
#2296=AXIS2_PLACEMENT_3D('',#3221,#2570,#2571);
#2297=AXIS2_PLACEMENT_3D('',#3222,#2572,#2573);
#2298=AXIS2_PLACEMENT_3D('',#3231,#2578,#2579);
#2299=AXIS2_PLACEMENT_3D('',#3237,#2583,#2584);
#2300=AXIS2_PLACEMENT_3D('',#3243,#2588,#2589);
#2301=AXIS2_PLACEMENT_3D('',#3246,#2592,#2593);
#2302=AXIS2_PLACEMENT_3D('',#3247,#2594,#2595);
#2303=AXIS2_PLACEMENT_3D('',#3248,#2596,#2597);
#2304=AXIS2_PLACEMENT_3D('',#3249,#2598,#2599);
#2305=AXIS2_PLACEMENT_3D('',#3251,#2600,#2601);
#2306=AXIS2_PLACEMENT_3D('',#3254,#2603,#2604);
#2307=AXIS2_PLACEMENT_3D('',#3255,#2605,#2606);
#2308=AXIS2_PLACEMENT_3D('',#3257,#2607,#2608);
#2309=AXIS2_PLACEMENT_3D('',#3260,#2610,#2611);
#2310=AXIS2_PLACEMENT_3D('',#3261,#2612,#2613);
#2311=AXIS2_PLACEMENT_3D('',#3263,#2614,#2615);
#2312=AXIS2_PLACEMENT_3D('',#3266,#2617,#2618);
#2313=AXIS2_PLACEMENT_3D('',#3267,#2619,#2620);
#2314=AXIS2_PLACEMENT_3D('',#3269,#2621,#2622);
#2315=AXIS2_PLACEMENT_3D('',#3272,#2624,#2625);
#2316=AXIS2_PLACEMENT_3D('',#3273,#2626,#2627);
#2317=AXIS2_PLACEMENT_3D('',#3282,#2632,#2633);
#2318=AXIS2_PLACEMENT_3D('',#3288,#2637,#2638);
#2319=AXIS2_PLACEMENT_3D('',#3294,#2642,#2643);
#2320=AXIS2_PLACEMENT_3D('',#3297,#2646,#2647);
#2321=AXIS2_PLACEMENT_3D('',#3298,#2648,#2649);
#2322=AXIS2_PLACEMENT_3D('',#3299,#2650,#2651);
#2323=AXIS2_PLACEMENT_3D('',#3300,#2652,#2653);
#2324=AXIS2_PLACEMENT_3D('',#3309,#2658,#2659);
#2325=AXIS2_PLACEMENT_3D('',#3318,#2664,#2665);
#2326=AXIS2_PLACEMENT_3D('',#3321,#2668,#2669);
#2327=AXIS2_PLACEMENT_3D('',#3323,#2671,#2672);
#2328=AXIS2_PLACEMENT_3D('',#3325,#2673,#2674);
#2329=AXIS2_PLACEMENT_3D('',#3328,#2676,#2677);
#2330=AXIS2_PLACEMENT_3D('',#3329,#2678,#2679);
#2331=AXIS2_PLACEMENT_3D('',#3331,#2680,#2681);
#2332=AXIS2_PLACEMENT_3D('',#3334,#2683,#2684);
#2333=AXIS2_PLACEMENT_3D('',#3335,#2685,#2686);
#2334=AXIS2_PLACEMENT_3D('',#3337,#2687,#2688);
#2335=AXIS2_PLACEMENT_3D('',#3340,#2690,#2691);
#2336=AXIS2_PLACEMENT_3D('',#3341,#2692,#2693);
#2337=AXIS2_PLACEMENT_3D('',#3343,#2694,#2695);
#2338=AXIS2_PLACEMENT_3D('',#3346,#2697,#2698);
#2339=AXIS2_PLACEMENT_3D('',#3347,#2699,#2700);
#2340=AXIS2_PLACEMENT_3D('',#3356,#2705,#2706);
#2341=AXIS2_PLACEMENT_3D('',#3362,#2710,#2711);
#2342=AXIS2_PLACEMENT_3D('',#3369,#2716,#2717);
#2343=AXIS2_PLACEMENT_3D('',#3372,#2720,#2721);
#2344=AXIS2_PLACEMENT_3D('',#3373,#2722,#2723);
#2345=AXIS2_PLACEMENT_3D('',#3374,#2724,#2725);
#2346=AXIS2_PLACEMENT_3D('',#3376,#2726,#2727);
#2347=AXIS2_PLACEMENT_3D('',#3379,#2729,#2730);
#2348=AXIS2_PLACEMENT_3D('',#3380,#2731,#2732);
#2349=AXIS2_PLACEMENT_3D('',#3382,#2733,#2734);
#2350=AXIS2_PLACEMENT_3D('',#3385,#2736,#2737);
#2351=AXIS2_PLACEMENT_3D('',#3386,#2738,#2739);
#2352=AXIS2_PLACEMENT_3D('',#3388,#2740,#2741);
#2353=AXIS2_PLACEMENT_3D('',#3391,#2743,#2744);
#2354=AXIS2_PLACEMENT_3D('',#3392,#2745,#2746);
#2355=AXIS2_PLACEMENT_3D('',#3394,#2747,#2748);
#2356=AXIS2_PLACEMENT_3D('',#3397,#2750,#2751);
#2357=AXIS2_PLACEMENT_3D('',#3398,#2752,#2753);
#2358=AXIS2_PLACEMENT_3D('',#3400,#2754,#2755);
#2359=AXIS2_PLACEMENT_3D('',#3403,#2757,#2758);
#2360=AXIS2_PLACEMENT_3D('',#3404,#2759,#2760);
#2361=AXIS2_PLACEMENT_3D('',#3406,#2761,#2762);
#2362=AXIS2_PLACEMENT_3D('',#3409,#2764,#2765);
#2363=AXIS2_PLACEMENT_3D('',#3410,#2766,#2767);
#2364=AXIS2_PLACEMENT_3D('',#3412,#2768,#2769);
#2365=AXIS2_PLACEMENT_3D('',#3415,#2771,#2772);
#2366=AXIS2_PLACEMENT_3D('',#3416,#2773,#2774);
#2367=AXIS2_PLACEMENT_3D('',#3418,#2775,#2776);
#2368=AXIS2_PLACEMENT_3D('',#3421,#2778,#2779);
#2369=AXIS2_PLACEMENT_3D('',#3422,#2780,#2781);
#2370=AXIS2_PLACEMENT_3D('',#3424,#2782,#2783);
#2371=AXIS2_PLACEMENT_3D('',#3427,#2785,#2786);
#2372=AXIS2_PLACEMENT_3D('',#3428,#2787,#2788);
#2373=AXIS2_PLACEMENT_3D('',#3430,#2789,#2790);
#2374=AXIS2_PLACEMENT_3D('',#3433,#2792,#2793);
#2375=AXIS2_PLACEMENT_3D('',#3434,#2794,#2795);
#2376=AXIS2_PLACEMENT_3D('',#3436,#2796,#2797);
#2377=AXIS2_PLACEMENT_3D('',#3439,#2799,#2800);
#2378=AXIS2_PLACEMENT_3D('',#3440,#2801,#2802);
#2379=AXIS2_PLACEMENT_3D('',#3442,#2803,#2804);
#2380=AXIS2_PLACEMENT_3D('',#3445,#2806,#2807);
#2381=AXIS2_PLACEMENT_3D('',#3446,#2808,#2809);
#2382=AXIS2_PLACEMENT_3D('',#3449,#2810,#2811);
#2383=AXIS2_PLACEMENT_3D('',#3453,#2813,#2814);
#2384=AXIS2_PLACEMENT_3D('',#3455,#2816,#2817);
#2385=AXIS2_PLACEMENT_3D('',#3458,#2818,#2819);
#2386=AXIS2_PLACEMENT_3D('',#3462,#2821,#2822);
#2387=AXIS2_PLACEMENT_3D('',#3464,#2824,#2825);
#2388=AXIS2_PLACEMENT_3D('',#3467,#2826,#2827);
#2389=AXIS2_PLACEMENT_3D('',#3471,#2829,#2830);
#2390=AXIS2_PLACEMENT_3D('',#3473,#2832,#2833);
#2391=AXIS2_PLACEMENT_3D('',#3476,#2834,#2835);
#2392=AXIS2_PLACEMENT_3D('',#3480,#2837,#2838);
#2393=AXIS2_PLACEMENT_3D('',#3482,#2840,#2841);
#2394=AXIS2_PLACEMENT_3D('',#3487,#2843,#2844);
#2395=AXIS2_PLACEMENT_3D('',#3491,#2846,#2847);
#2396=AXIS2_PLACEMENT_3D('',#3495,#2849,#2850);
#2397=AXIS2_PLACEMENT_3D('',#3499,#2852,#2853);
#2398=AXIS2_PLACEMENT_3D('',#3503,#2855,#2856);
#2399=AXIS2_PLACEMENT_3D('',#3507,#2858,#2859);
#2400=AXIS2_PLACEMENT_3D('',#3511,#2861,#2862);
#2401=AXIS2_PLACEMENT_3D('',#3515,#2864,#2865);
#2402=AXIS2_PLACEMENT_3D('',#3519,#2867,#2868);
#2403=AXIS2_PLACEMENT_3D('',#3523,#2870,#2871);
#2404=AXIS2_PLACEMENT_3D('',#3527,#2873,#2874);
#2405=AXIS2_PLACEMENT_3D('',#3530,#2876,#2877);
#2406=AXIS2_PLACEMENT_3D('',#3535,#2880,#2881);
#2407=AXIS2_PLACEMENT_3D('',#3540,#2883,#2884);
#2408=AXIS2_PLACEMENT_3D('',#3544,#2886,#2887);
#2409=AXIS2_PLACEMENT_3D('',#3547,#2889,#2890);
#2410=AXIS2_PLACEMENT_3D('',#3549,#2891,#2892);
#2411=AXIS2_PLACEMENT_3D('',#3551,#2893,#2894);
#2412=AXIS2_PLACEMENT_3D('',#3553,#2895,#2896);
#2413=AXIS2_PLACEMENT_3D('',#3555,#2897,#2898);
#2414=AXIS2_PLACEMENT_3D('',#3557,#2899,#2900);
#2415=AXIS2_PLACEMENT_3D('',#3559,#2901,#2902);
#2416=AXIS2_PLACEMENT_3D('',#3561,#2903,#2904);
#2417=AXIS2_PLACEMENT_3D('',#3563,#2905,#2906);
#2418=AXIS2_PLACEMENT_3D('',#3565,#2907,#2908);
#2419=AXIS2_PLACEMENT_3D('',#3567,#2909,#2910);
#2420=AXIS2_PLACEMENT_3D('',#3569,#2911,#2912);
#2421=AXIS2_PLACEMENT_3D('',#3571,#2913,#2914);
#2422=AXIS2_PLACEMENT_3D('',#3575,#2916,#2917);
#2423=AXIS2_PLACEMENT_3D('',#3580,#2920,#2921);
#2424=AXIS2_PLACEMENT_3D('',#3585,#2924,#2925);
#2425=AXIS2_PLACEMENT_3D('',#3587,#2927,#2928);
#2426=AXIS2_PLACEMENT_3D('',#3592,#2930,#2931);
#2427=AXIS2_PLACEMENT_3D('',#3596,#2933,#2934);
#2428=AXIS2_PLACEMENT_3D('',#3600,#2936,#2937);
#2429=AXIS2_PLACEMENT_3D('',#3604,#2939,#2940);
#2430=AXIS2_PLACEMENT_3D('',#3608,#2942,#2943);
#2431=AXIS2_PLACEMENT_3D('',#3612,#2945,#2946);
#2432=AXIS2_PLACEMENT_3D('',#3616,#2948,#2949);
#2433=AXIS2_PLACEMENT_3D('',#3620,#2951,#2952);
#2434=AXIS2_PLACEMENT_3D('',#3624,#2954,#2955);
#2435=AXIS2_PLACEMENT_3D('',#3628,#2957,#2958);
#2436=AXIS2_PLACEMENT_3D('',#3632,#2960,#2961);
#2437=AXIS2_PLACEMENT_3D('',#3635,#2963,#2964);
#2438=AXIS2_PLACEMENT_3D('',#3640,#2967,#2968);
#2439=AXIS2_PLACEMENT_3D('',#3645,#2971,#2972);
#2440=AXIS2_PLACEMENT_3D('',#3650,#2975,#2976);
#2441=AXIS2_PLACEMENT_3D('',#3655,#2978,#2979);
#2442=AXIS2_PLACEMENT_3D('',#3659,#2981,#2982);
#2443=AXIS2_PLACEMENT_3D('',#3662,#2984,#2985);
#2444=AXIS2_PLACEMENT_3D('',#3664,#2986,#2987);
#2445=AXIS2_PLACEMENT_3D('',#3666,#2988,#2989);
#2446=AXIS2_PLACEMENT_3D('',#3668,#2990,#2991);
#2447=AXIS2_PLACEMENT_3D('',#3670,#2992,#2993);
#2448=AXIS2_PLACEMENT_3D('',#3672,#2994,#2995);
#2449=AXIS2_PLACEMENT_3D('',#3674,#2996,#2997);
#2450=AXIS2_PLACEMENT_3D('',#3676,#2998,#2999);
#2451=AXIS2_PLACEMENT_3D('',#3678,#3000,#3001);
#2452=AXIS2_PLACEMENT_3D('',#3680,#3002,#3003);
#2453=AXIS2_PLACEMENT_3D('',#3682,#3004,#3005);
#2454=AXIS2_PLACEMENT_3D('',#3684,#3006,#3007);
#2455=AXIS2_PLACEMENT_3D('',#3686,#3008,#3009);
#2456=AXIS2_PLACEMENT_3D('',#3690,#3011,#3012);
#2457=AXIS2_PLACEMENT_3D('',#3692,#3014,#3015);
#2458=AXIS2_PLACEMENT_3D('',#3694,#3017,#3018);
#2459=AXIS2_PLACEMENT_3D('',#3696,#3020,#3021);
#2460=AXIS2_PLACEMENT_3D('',#3697,#3022,#3023);
#2461=AXIS2_PLACEMENT_3D('',#3699,#3025,#3026);
#2462=AXIS2_PLACEMENT_3D('',#3701,#3028,#3029);
#2463=AXIS2_PLACEMENT_3D('',#3702,#3030,#3031);
#2464=AXIS2_PLACEMENT_3D('',#3704,#3033,#3034);
#2465=AXIS2_PLACEMENT_3D('',#3706,#3036,#3037);
#2466=AXIS2_PLACEMENT_3D('',#3707,#3038,#3039);
#2467=AXIS2_PLACEMENT_3D('',#3709,#3041,#3042);
#2468=AXIS2_PLACEMENT_3D('',#3711,#3044,#3045);
#2469=AXIS2_PLACEMENT_3D('',#3712,#3046,#3047);
#2470=AXIS2_PLACEMENT_3D('',#3715,#3050,#3051);
#2471=AXIS2_PLACEMENT_3D('',#3717,#3053,#3054);
#2472=AXIS2_PLACEMENT_3D('',#3719,#3056,#3057);
#2473=AXIS2_PLACEMENT_3D('',#3721,#3059,#3060);
#2474=AXIS2_PLACEMENT_3D('',#3723,#3062,#3063);
#2475=AXIS2_PLACEMENT_3D('',#3724,#3064,#3065);
#2476=AXIS2_PLACEMENT_3D('',#3726,#3067,#3068);
#2477=AXIS2_PLACEMENT_3D('',#3728,#3070,#3071);
#2478=AXIS2_PLACEMENT_3D('',#3730,#3073,#3074);
#2479=AXIS2_PLACEMENT_3D('',#3732,#3076,#3077);
#2480=AXIS2_PLACEMENT_3D('',#3734,#3079,#3080);
#2481=AXIS2_PLACEMENT_3D('',#3736,#3082,#3083);
#2482=AXIS2_PLACEMENT_3D('',#3738,#3085,#3086);
#2483=AXIS2_PLACEMENT_3D('',#3740,#3088,#3089);
#2484=AXIS2_PLACEMENT_3D('',#3742,#3091,#3092);
#2485=AXIS2_PLACEMENT_3D('',#3744,#3094,#3095);
#2486=AXIS2_PLACEMENT_3D('',#3746,#3097,#3098);
#2487=AXIS2_PLACEMENT_3D('',#3748,#3100,#3101);
#2488=AXIS2_PLACEMENT_3D('',#3751,#3104,#3105);
#2489=AXIS2_PLACEMENT_3D('',#3753,#3107,#3108);
#2490=AXIS2_PLACEMENT_3D('',#3755,#3110,#3111);
#2491=AXIS2_PLACEMENT_3D('',#3757,#3113,#3114);
#2492=AXIS2_PLACEMENT_3D('',#3759,#3116,#3117);
#2493=AXIS2_PLACEMENT_3D('',#3761,#3119,#3120);
#2494=AXIS2_PLACEMENT_3D('',#3763,#3122,#3123);
#2495=AXIS2_PLACEMENT_3D('',#3765,#3125,#3126);
#2496=AXIS2_PLACEMENT_3D('',#3767,#3128,#3129);
#2497=AXIS2_PLACEMENT_3D('',#3769,#3131,#3132);
#2498=AXIS2_PLACEMENT_3D('',#3771,#3134,#3135);
#2499=AXIS2_PLACEMENT_3D('',#3773,#3137,#3138);
#2500=AXIS2_PLACEMENT_3D('',#3775,#3140,#3141);
#2501=AXIS2_PLACEMENT_3D('',#3777,#3143,#3144);
#2502=AXIS2_PLACEMENT_3D('',#3779,#3146,#3147);
#2503=AXIS2_PLACEMENT_3D('',#3781,#3149,#3150);
#2504=AXIS2_PLACEMENT_3D('',#3783,#3152,#3153);
#2505=AXIS2_PLACEMENT_3D('',#3785,#3155,#3156);
#2506=AXIS2_PLACEMENT_3D('',#3787,#3158,#3159);
#2507=AXIS2_PLACEMENT_3D('',#3789,#3161,#3162);
#2508=AXIS2_PLACEMENT_3D('',#3791,#3164,#3165);
#2509=AXIS2_PLACEMENT_3D('',#3793,#3167,#3168);
#2510=AXIS2_PLACEMENT_3D('',#3795,#3170,#3171);
#2511=AXIS2_PLACEMENT_3D('',#3796,#3172,#3173);
#2512=AXIS2_PLACEMENT_3D('',#3797,#3174,#3175);
#2513=AXIS2_PLACEMENT_3D('',#3798,#3176,#3177);
#2514=DIRECTION('axis',(0.,0.,1.));
#2515=DIRECTION('refdir',(1.,0.,0.));
#2516=DIRECTION('axis',(0.,0.,1.));
#2517=DIRECTION('refdir',(1.,0.,0.));
#2518=DIRECTION('center_axis',(0.,1.,0.));
#2519=DIRECTION('ref_axis',(1.,0.,0.));
#2520=DIRECTION('center_axis',(0.,1.,0.));
#2521=DIRECTION('ref_axis',(1.,0.,0.));
#2522=DIRECTION('',(0.,-1.,0.));
#2523=DIRECTION('center_axis',(0.,-1.,0.));
#2524=DIRECTION('ref_axis',(1.,0.,0.));
#2525=DIRECTION('center_axis',(0.,-1.,0.));
#2526=DIRECTION('ref_axis',(1.,0.,0.));
#2527=DIRECTION('center_axis',(0.,1.,0.));
#2528=DIRECTION('ref_axis',(1.,0.,0.));
#2529=DIRECTION('center_axis',(0.,1.,0.));
#2530=DIRECTION('ref_axis',(1.,0.,0.));
#2531=DIRECTION('',(0.,-1.,0.));
#2532=DIRECTION('center_axis',(0.,-1.,0.));
#2533=DIRECTION('ref_axis',(1.,0.,0.));
#2534=DIRECTION('center_axis',(0.,-1.,0.));
#2535=DIRECTION('ref_axis',(1.,0.,0.));
#2536=DIRECTION('center_axis',(0.,0.,1.));
#2537=DIRECTION('ref_axis',(1.,0.,0.));
#2538=DIRECTION('center_axis',(0.,0.,1.));
#2539=DIRECTION('ref_axis',(1.,0.,0.));
#2540=DIRECTION('',(0.,0.,1.));
#2541=DIRECTION('center_axis',(0.,0.,1.));
#2542=DIRECTION('ref_axis',(1.,0.,0.));
#2543=DIRECTION('center_axis',(0.,0.,1.));
#2544=DIRECTION('ref_axis',(1.,0.,0.));
#2545=DIRECTION('center_axis',(0.,0.,1.));
#2546=DIRECTION('ref_axis',(1.,0.,0.));
#2547=DIRECTION('center_axis',(0.,0.,1.));
#2548=DIRECTION('ref_axis',(1.,0.,0.));
#2549=DIRECTION('',(0.,0.,1.));
#2550=DIRECTION('center_axis',(0.,0.,1.));
#2551=DIRECTION('ref_axis',(1.,0.,0.));
#2552=DIRECTION('center_axis',(0.,0.,1.));
#2553=DIRECTION('ref_axis',(1.,0.,0.));
#2554=DIRECTION('center_axis',(0.,0.,1.));
#2555=DIRECTION('ref_axis',(1.,0.,0.));
#2556=DIRECTION('center_axis',(0.,0.,1.));
#2557=DIRECTION('ref_axis',(1.,0.,0.));
#2558=DIRECTION('',(0.,0.,1.));
#2559=DIRECTION('center_axis',(0.,0.,1.));
#2560=DIRECTION('ref_axis',(1.,0.,0.));
#2561=DIRECTION('center_axis',(0.,0.,1.));
#2562=DIRECTION('ref_axis',(1.,0.,0.));
#2563=DIRECTION('center_axis',(0.,0.,1.));
#2564=DIRECTION('ref_axis',(1.,0.,0.));
#2565=DIRECTION('center_axis',(0.,0.,1.));
#2566=DIRECTION('ref_axis',(1.,0.,0.));
#2567=DIRECTION('',(0.,0.,1.));
#2568=DIRECTION('center_axis',(0.,0.,1.));
#2569=DIRECTION('ref_axis',(1.,0.,0.));
#2570=DIRECTION('center_axis',(0.,0.,1.));
#2571=DIRECTION('ref_axis',(1.,0.,0.));
#2572=DIRECTION('center_axis',(0.,1.,0.));
#2573=DIRECTION('ref_axis',(-1.,0.,0.));
#2574=DIRECTION('',(-1.,0.,0.));
#2575=DIRECTION('',(0.,0.,1.));
#2576=DIRECTION('',(-1.,0.,0.));
#2577=DIRECTION('',(0.,0.,1.));
#2578=DIRECTION('center_axis',(1.,0.,0.));
#2579=DIRECTION('ref_axis',(0.,1.,0.));
#2580=DIRECTION('',(0.,1.,0.));
#2581=DIRECTION('',(0.,1.,0.));
#2582=DIRECTION('',(0.,0.,1.));
#2583=DIRECTION('center_axis',(0.,-1.,0.));
#2584=DIRECTION('ref_axis',(1.,0.,0.));
#2585=DIRECTION('',(1.,0.,0.));
#2586=DIRECTION('',(1.,0.,0.));
#2587=DIRECTION('',(0.,0.,1.));
#2588=DIRECTION('center_axis',(-1.,0.,0.));
#2589=DIRECTION('ref_axis',(0.,-1.,0.));
#2590=DIRECTION('',(0.,-1.,0.));
#2591=DIRECTION('',(0.,-1.,0.));
#2592=DIRECTION('center_axis',(0.,0.,1.));
#2593=DIRECTION('ref_axis',(1.,0.,0.));
#2594=DIRECTION('center_axis',(0.,0.,1.));
#2595=DIRECTION('ref_axis',(1.,0.,0.));
#2596=DIRECTION('axis',(0.,0.,1.));
#2597=DIRECTION('refdir',(1.,0.,0.));
#2598=DIRECTION('center_axis',(0.,0.,1.));
#2599=DIRECTION('ref_axis',(1.,0.,0.));
#2600=DIRECTION('center_axis',(0.,0.,1.));
#2601=DIRECTION('ref_axis',(1.,0.,0.));
#2602=DIRECTION('',(0.,0.,1.));
#2603=DIRECTION('center_axis',(0.,0.,-1.));
#2604=DIRECTION('ref_axis',(1.,0.,0.));
#2605=DIRECTION('center_axis',(0.,0.,1.));
#2606=DIRECTION('ref_axis',(1.,0.,0.));
#2607=DIRECTION('center_axis',(0.,0.,1.));
#2608=DIRECTION('ref_axis',(1.,0.,0.));
#2609=DIRECTION('',(0.,0.,1.));
#2610=DIRECTION('center_axis',(0.,0.,-1.));
#2611=DIRECTION('ref_axis',(1.,0.,0.));
#2612=DIRECTION('center_axis',(0.,0.,1.));
#2613=DIRECTION('ref_axis',(1.,0.,0.));
#2614=DIRECTION('center_axis',(0.,0.,1.));
#2615=DIRECTION('ref_axis',(1.,0.,0.));
#2616=DIRECTION('',(0.,0.,1.));
#2617=DIRECTION('center_axis',(0.,0.,-1.));
#2618=DIRECTION('ref_axis',(1.,0.,0.));
#2619=DIRECTION('center_axis',(0.,0.,1.));
#2620=DIRECTION('ref_axis',(1.,0.,0.));
#2621=DIRECTION('center_axis',(0.,0.,1.));
#2622=DIRECTION('ref_axis',(1.,0.,0.));
#2623=DIRECTION('',(0.,0.,1.));
#2624=DIRECTION('center_axis',(0.,0.,-1.));
#2625=DIRECTION('ref_axis',(1.,0.,0.));
#2626=DIRECTION('center_axis',(0.,1.,0.));
#2627=DIRECTION('ref_axis',(-1.,0.,0.));
#2628=DIRECTION('',(-1.,0.,0.));
#2629=DIRECTION('',(0.,0.,1.));
#2630=DIRECTION('',(-1.,0.,0.));
#2631=DIRECTION('',(0.,0.,1.));
#2632=DIRECTION('center_axis',(1.,0.,0.));
#2633=DIRECTION('ref_axis',(0.,1.,0.));
#2634=DIRECTION('',(0.,1.,0.));
#2635=DIRECTION('',(0.,1.,0.));
#2636=DIRECTION('',(0.,0.,1.));
#2637=DIRECTION('center_axis',(0.,-1.,0.));
#2638=DIRECTION('ref_axis',(1.,0.,0.));
#2639=DIRECTION('',(1.,0.,0.));
#2640=DIRECTION('',(1.,0.,0.));
#2641=DIRECTION('',(0.,0.,1.));
#2642=DIRECTION('center_axis',(-1.,0.,0.));
#2643=DIRECTION('ref_axis',(0.,-1.,0.));
#2644=DIRECTION('',(0.,-1.,0.));
#2645=DIRECTION('',(0.,-1.,0.));
#2646=DIRECTION('center_axis',(0.,0.,1.));
#2647=DIRECTION('ref_axis',(1.,0.,0.));
#2648=DIRECTION('center_axis',(0.,0.,1.));
#2649=DIRECTION('ref_axis',(1.,0.,0.));
#2650=DIRECTION('axis',(0.,0.,1.));
#2651=DIRECTION('refdir',(1.,0.,0.));
#2652=DIRECTION('center_axis',(0.,-1.,0.));
#2653=DIRECTION('ref_axis',(1.,0.,0.));
#2654=DIRECTION('',(-1.,0.,0.));
#2655=DIRECTION('',(0.,0.,1.));
#2656=DIRECTION('',(1.,0.,0.));
#2657=DIRECTION('',(0.,0.,1.));
#2658=DIRECTION('center_axis',(0.,1.,0.));
#2659=DIRECTION('ref_axis',(-1.,0.,0.));
#2660=DIRECTION('',(1.,0.,0.));
#2661=DIRECTION('',(0.,0.,-1.));
#2662=DIRECTION('',(-1.,0.,0.));
#2663=DIRECTION('',(0.,0.,1.));
#2664=DIRECTION('center_axis',(1.,0.,0.));
#2665=DIRECTION('ref_axis',(0.,1.,0.));
#2666=DIRECTION('',(0.,-1.,0.));
#2667=DIRECTION('',(0.,1.,0.));
#2668=DIRECTION('center_axis',(0.,0.,1.));
#2669=DIRECTION('ref_axis',(1.,0.,0.));
#2670=DIRECTION('',(0.,1.,0.));
#2671=DIRECTION('center_axis',(0.,0.,1.));
#2672=DIRECTION('ref_axis',(1.,0.,0.));
#2673=DIRECTION('center_axis',(0.,0.,-1.));
#2674=DIRECTION('ref_axis',(1.,0.,0.));
#2675=DIRECTION('',(0.,0.,-1.));
#2676=DIRECTION('center_axis',(0.,0.,-1.));
#2677=DIRECTION('ref_axis',(1.,0.,0.));
#2678=DIRECTION('center_axis',(0.,0.,1.));
#2679=DIRECTION('ref_axis',(1.,0.,0.));
#2680=DIRECTION('center_axis',(0.,0.,-1.));
#2681=DIRECTION('ref_axis',(1.,0.,0.));
#2682=DIRECTION('',(0.,0.,-1.));
#2683=DIRECTION('center_axis',(0.,0.,-1.));
#2684=DIRECTION('ref_axis',(1.,0.,0.));
#2685=DIRECTION('center_axis',(0.,0.,1.));
#2686=DIRECTION('ref_axis',(1.,0.,0.));
#2687=DIRECTION('center_axis',(0.,0.,-1.));
#2688=DIRECTION('ref_axis',(1.,0.,0.));
#2689=DIRECTION('',(0.,0.,-1.));
#2690=DIRECTION('center_axis',(0.,0.,-1.));
#2691=DIRECTION('ref_axis',(1.,0.,0.));
#2692=DIRECTION('center_axis',(0.,0.,1.));
#2693=DIRECTION('ref_axis',(1.,0.,0.));
#2694=DIRECTION('center_axis',(0.,0.,-1.));
#2695=DIRECTION('ref_axis',(1.,0.,0.));
#2696=DIRECTION('',(0.,0.,-1.));
#2697=DIRECTION('center_axis',(0.,0.,-1.));
#2698=DIRECTION('ref_axis',(1.,0.,0.));
#2699=DIRECTION('center_axis',(-1.,0.,0.));
#2700=DIRECTION('ref_axis',(0.,-1.,0.));
#2701=DIRECTION('',(0.,-1.,0.));
#2702=DIRECTION('',(0.,0.,1.));
#2703=DIRECTION('',(0.,-1.,0.));
#2704=DIRECTION('',(0.,0.,1.));
#2705=DIRECTION('center_axis',(0.,1.,0.));
#2706=DIRECTION('ref_axis',(-1.,0.,0.));
#2707=DIRECTION('',(-1.,0.,0.));
#2708=DIRECTION('',(-1.,0.,0.));
#2709=DIRECTION('',(0.,0.,1.));
#2710=DIRECTION('center_axis',(1.,0.,0.));
#2711=DIRECTION('ref_axis',(0.,1.,0.));
#2712=DIRECTION('',(0.,1.,0.));
#2713=DIRECTION('',(0.,1.,0.));
#2714=DIRECTION('',(0.,0.,1.));
#2715=DIRECTION('',(0.,1.,0.));
#2716=DIRECTION('center_axis',(0.,-1.,0.));
#2717=DIRECTION('ref_axis',(1.,0.,0.));
#2718=DIRECTION('',(1.,0.,0.));
#2719=DIRECTION('',(1.,0.,0.));
#2720=DIRECTION('center_axis',(0.,0.,1.));
#2721=DIRECTION('ref_axis',(1.,0.,0.));
#2722=DIRECTION('center_axis',(0.,0.,1.));
#2723=DIRECTION('ref_axis',(1.,0.,0.));
#2724=DIRECTION('center_axis',(0.,0.,-1.));
#2725=DIRECTION('ref_axis',(6.12323399573658E-17,-1.,0.));
#2726=DIRECTION('center_axis',(0.,0.,-1.));
#2727=DIRECTION('ref_axis',(6.12323399573658E-17,-1.,0.));
#2728=DIRECTION('',(0.,0.,-1.));
#2729=DIRECTION('center_axis',(0.,0.,1.));
#2730=DIRECTION('ref_axis',(6.12323399573658E-17,-1.,0.));
#2731=DIRECTION('center_axis',(0.,0.,-1.));
#2732=DIRECTION('ref_axis',(6.12323399573658E-17,-1.,0.));
#2733=DIRECTION('center_axis',(0.,0.,-1.));
#2734=DIRECTION('ref_axis',(6.12323399573658E-17,-1.,0.));
#2735=DIRECTION('',(0.,0.,-1.));
#2736=DIRECTION('center_axis',(0.,0.,1.));
#2737=DIRECTION('ref_axis',(6.12323399573658E-17,-1.,0.));
#2738=DIRECTION('center_axis',(0.,0.,-1.));
#2739=DIRECTION('ref_axis',(6.12323399573658E-17,-1.,0.));
#2740=DIRECTION('center_axis',(0.,0.,-1.));
#2741=DIRECTION('ref_axis',(6.12323399573658E-17,-1.,0.));
#2742=DIRECTION('',(0.,0.,-1.));
#2743=DIRECTION('center_axis',(0.,0.,1.));
#2744=DIRECTION('ref_axis',(6.12323399573658E-17,-1.,0.));
#2745=DIRECTION('center_axis',(0.,0.,-1.));
#2746=DIRECTION('ref_axis',(6.12323399573658E-17,-1.,0.));
#2747=DIRECTION('center_axis',(0.,0.,-1.));
#2748=DIRECTION('ref_axis',(6.12323399573658E-17,-1.,0.));
#2749=DIRECTION('',(0.,0.,-1.));
#2750=DIRECTION('center_axis',(0.,0.,1.));
#2751=DIRECTION('ref_axis',(6.12323399573658E-17,-1.,0.));
#2752=DIRECTION('center_axis',(0.,0.,-1.));
#2753=DIRECTION('ref_axis',(6.00908212078366E-15,1.,0.));
#2754=DIRECTION('center_axis',(0.,0.,-1.));
#2755=DIRECTION('ref_axis',(6.00908212078366E-15,1.,0.));
#2756=DIRECTION('',(0.,0.,-1.));
#2757=DIRECTION('center_axis',(0.,0.,1.));
#2758=DIRECTION('ref_axis',(6.00908212078366E-15,1.,0.));
#2759=DIRECTION('center_axis',(0.,0.,-1.));
#2760=DIRECTION('ref_axis',(6.00908212078366E-15,1.,0.));
#2761=DIRECTION('center_axis',(0.,0.,-1.));
#2762=DIRECTION('ref_axis',(6.00908212078366E-15,1.,0.));
#2763=DIRECTION('',(0.,0.,-1.));
#2764=DIRECTION('center_axis',(0.,0.,1.));
#2765=DIRECTION('ref_axis',(6.00908212078366E-15,1.,0.));
#2766=DIRECTION('center_axis',(0.,0.,-1.));
#2767=DIRECTION('ref_axis',(6.00908212078366E-15,1.,0.));
#2768=DIRECTION('center_axis',(0.,0.,-1.));
#2769=DIRECTION('ref_axis',(6.00908212078366E-15,1.,0.));
#2770=DIRECTION('',(0.,0.,-1.));
#2771=DIRECTION('center_axis',(0.,0.,1.));
#2772=DIRECTION('ref_axis',(6.00908212078366E-15,1.,0.));
#2773=DIRECTION('center_axis',(0.,0.,-1.));
#2774=DIRECTION('ref_axis',(6.00908212078366E-15,1.,0.));
#2775=DIRECTION('center_axis',(0.,0.,-1.));
#2776=DIRECTION('ref_axis',(6.00908212078366E-15,1.,0.));
#2777=DIRECTION('',(0.,0.,-1.));
#2778=DIRECTION('center_axis',(0.,0.,1.));
#2779=DIRECTION('ref_axis',(6.00908212078366E-15,1.,0.));
#2780=DIRECTION('center_axis',(-1.61486985399782E-15,0.,1.));
#2781=DIRECTION('ref_axis',(3.34767643417261E-17,-1.,5.40606175448435E-32));
#2782=DIRECTION('center_axis',(0.,0.,1.));
#2783=DIRECTION('ref_axis',(3.34767643417261E-17,-1.,5.40606175448435E-32));
#2784=DIRECTION('',(-1.61486985399782E-15,0.,1.));
#2785=DIRECTION('center_axis',(0.,0.,-1.));
#2786=DIRECTION('ref_axis',(3.34767643417261E-17,-1.,5.40606175448435E-32));
#2787=DIRECTION('center_axis',(-1.21115239049837E-15,0.,1.));
#2788=DIRECTION('ref_axis',(3.34767643417261E-17,-1.,4.05454631586316E-32));
#2789=DIRECTION('center_axis',(0.,0.,1.));
#2790=DIRECTION('ref_axis',(3.34767643417261E-17,-1.,4.05454631586316E-32));
#2791=DIRECTION('',(-1.21115239049837E-15,0.,1.));
#2792=DIRECTION('center_axis',(0.,0.,-1.));
#2793=DIRECTION('ref_axis',(3.34767643417261E-17,-1.,4.05454631586316E-32));
#2794=DIRECTION('center_axis',(-1.21115239049837E-15,0.,1.));
#2795=DIRECTION('ref_axis',(3.34767643417261E-17,-1.,4.05454631586316E-32));
#2796=DIRECTION('center_axis',(0.,0.,1.));
#2797=DIRECTION('ref_axis',(3.34767643417261E-17,-1.,4.05454631586316E-32));
#2798=DIRECTION('',(-1.21115239049837E-15,0.,1.));
#2799=DIRECTION('center_axis',(0.,0.,-1.));
#2800=DIRECTION('ref_axis',(3.34767643417261E-17,-1.,4.05454631586316E-32));
#2801=DIRECTION('center_axis',(-1.61486985399782E-15,0.,1.));
#2802=DIRECTION('ref_axis',(3.34767643417261E-17,-1.,5.40606175448434E-32));
#2803=DIRECTION('center_axis',(0.,0.,1.));
#2804=DIRECTION('ref_axis',(3.34767643417261E-17,-1.,5.40606175448434E-32));
#2805=DIRECTION('',(-1.61486985399782E-15,0.,1.));
#2806=DIRECTION('center_axis',(0.,0.,-1.));
#2807=DIRECTION('ref_axis',(3.34767643417261E-17,-1.,5.40606175448434E-32));
#2808=DIRECTION('center_axis',(0.,0.,-1.));
#2809=DIRECTION('ref_axis',(-0.707106746093726,0.707106816279367,0.));
#2810=DIRECTION('center_axis',(0.,0.,1.));
#2811=DIRECTION('ref_axis',(1.,0.,0.));
#2812=DIRECTION('',(0.,0.,-1.));
#2813=DIRECTION('center_axis',(0.,0.,-1.));
#2814=DIRECTION('ref_axis',(1.,0.,0.));
#2815=DIRECTION('',(0.,0.,-1.));
#2816=DIRECTION('center_axis',(0.,0.,-1.));
#2817=DIRECTION('ref_axis',(1.,0.,0.));
#2818=DIRECTION('center_axis',(0.,0.,1.));
#2819=DIRECTION('ref_axis',(1.,0.,0.));
#2820=DIRECTION('',(0.,0.,-1.));
#2821=DIRECTION('center_axis',(0.,0.,-1.));
#2822=DIRECTION('ref_axis',(1.,0.,0.));
#2823=DIRECTION('',(0.,0.,-1.));
#2824=DIRECTION('center_axis',(0.,0.,-1.));
#2825=DIRECTION('ref_axis',(-0.707106781186833,-0.707106781186263,0.));
#2826=DIRECTION('center_axis',(0.,0.,1.));
#2827=DIRECTION('ref_axis',(1.,0.,0.));
#2828=DIRECTION('',(0.,0.,-1.));
#2829=DIRECTION('center_axis',(0.,0.,-1.));
#2830=DIRECTION('ref_axis',(1.,0.,0.));
#2831=DIRECTION('',(0.,0.,-1.));
#2832=DIRECTION('center_axis',(0.,0.,-1.));
#2833=DIRECTION('ref_axis',(1.,0.,0.));
#2834=DIRECTION('center_axis',(0.,0.,1.));
#2835=DIRECTION('ref_axis',(1.,0.,0.));
#2836=DIRECTION('',(0.,0.,-1.));
#2837=DIRECTION('center_axis',(0.,0.,-1.));
#2838=DIRECTION('ref_axis',(1.,0.,0.));
#2839=DIRECTION('',(0.,0.,-1.));
#2840=DIRECTION('center_axis',(0.,0.,-1.));
#2841=DIRECTION('ref_axis',(-1.,0.,0.));
#2842=DIRECTION('',(0.570462687498605,-0.821323518579536,0.));
#2843=DIRECTION('center_axis',(0.,0.,-1.));
#2844=DIRECTION('ref_axis',(6.53175408752138E-17,1.,0.));
#2845=DIRECTION('',(1.,4.64940280029655E-17,0.));
#2846=DIRECTION('center_axis',(0.,0.,-1.));
#2847=DIRECTION('ref_axis',(-0.369695774361314,0.929152858478834,0.));
#2848=DIRECTION('',(0.929152873095586,0.369695737625168,0.));
#2849=DIRECTION('center_axis',(0.,0.,1.));
#2850=DIRECTION('ref_axis',(-0.369695737625168,0.929152873095587,0.));
#2851=DIRECTION('',(1.,-6.53175408752138E-17,0.));
#2852=DIRECTION('center_axis',(0.,0.,-1.));
#2853=DIRECTION('ref_axis',(-0.50000000002,0.866025403772892,0.));
#2854=DIRECTION('',(0.86602540377289,0.500000000020003,0.));
#2855=DIRECTION('center_axis',(0.,0.,-1.));
#2856=DIRECTION('ref_axis',(-0.994222337622567,0.107340315689488,0.));
#2857=DIRECTION('',(3.3446251654192E-16,1.,0.));
#2858=DIRECTION('center_axis',(0.,0.,-1.));
#2859=DIRECTION('ref_axis',(-0.500000000019999,-0.866025403772892,0.));
#2860=DIRECTION('',(-0.866025403772889,0.500000000020004,0.));
#2861=DIRECTION('center_axis',(0.,0.,-1.));
#2862=DIRECTION('ref_axis',(-6.53175408752138E-17,-1.,0.));
#2863=DIRECTION('',(-1.,-6.53175408752137E-17,0.));
#2864=DIRECTION('center_axis',(0.,0.,1.));
#2865=DIRECTION('ref_axis',(-3.84007582460075E-15,-1.,0.));
#2866=DIRECTION('',(-0.929152873095586,0.369695737625168,0.));
#2867=DIRECTION('center_axis',(0.,0.,-1.));
#2868=DIRECTION('ref_axis',(-6.53175408752138E-17,-1.,0.));
#2869=DIRECTION('',(-1.,-1.58305596881145E-16,0.));
#2870=DIRECTION('center_axis',(0.,0.,-1.));
#2871=DIRECTION('ref_axis',(0.821323518579534,-0.570462687498608,0.));
#2872=DIRECTION('',(-0.570462687498606,-0.821323518579535,0.));
#2873=DIRECTION('center_axis',(0.,0.,-1.));
#2874=DIRECTION('ref_axis',(1.,-1.14189744354202E-15,0.));
#2875=DIRECTION('',(-6.53175408752138E-17,-1.,0.));
#2876=DIRECTION('center_axis',(0.,0.,-1.));
#2877=DIRECTION('ref_axis',(0.821323518579537,0.570462687498602,0.));
#2878=DIRECTION('',(-0.707106781186542,-0.707106781186553,0.));
#2879=DIRECTION('',(0.707106781186548,0.707106781186548,0.));
#2880=DIRECTION('center_axis',(0.,0.,1.));
#2881=DIRECTION('ref_axis',(0.707106781186548,-0.707106781186548,0.));
#2882=DIRECTION('',(1.,-4.01887365038303E-15,0.));
#2883=DIRECTION('center_axis',(0.,0.,1.));
#2884=DIRECTION('ref_axis',(3.61803121967572E-15,1.,0.));
#2885=DIRECTION('',(-6.53175408752138E-17,-1.,0.));
#2886=DIRECTION('center_axis',(0.,0.,1.));
#2887=DIRECTION('ref_axis',(1.,-6.53175408752138E-17,0.));
#2888=DIRECTION('',(-1.,4.51306816407155E-15,0.));
#2889=DIRECTION('center_axis',(0.,0.,1.));
#2890=DIRECTION('ref_axis',(0.515078753637714,-0.857142857142856,0.));
#2891=DIRECTION('center_axis',(0.,0.,1.));
#2892=DIRECTION('ref_axis',(1.,-6.53175408752138E-17,0.));
#2893=DIRECTION('center_axis',(0.,0.,1.));
#2894=DIRECTION('ref_axis',(1.,-6.53175408752138E-17,0.));
#2895=DIRECTION('center_axis',(0.,0.,1.));
#2896=DIRECTION('ref_axis',(1.,-6.53175408752138E-17,0.));
#2897=DIRECTION('center_axis',(0.,0.,1.));
#2898=DIRECTION('ref_axis',(1.,-6.53175408752138E-17,0.));
#2899=DIRECTION('center_axis',(0.,0.,1.));
#2900=DIRECTION('ref_axis',(1.,-6.53175408752138E-17,0.));
#2901=DIRECTION('center_axis',(0.,0.,1.));
#2902=DIRECTION('ref_axis',(1.,-6.53175408752138E-17,0.));
#2903=DIRECTION('center_axis',(0.,0.,1.));
#2904=DIRECTION('ref_axis',(1.,-6.53175408752138E-17,0.));
#2905=DIRECTION('center_axis',(0.,0.,1.));
#2906=DIRECTION('ref_axis',(1.,-6.53175408752138E-17,0.));
#2907=DIRECTION('center_axis',(0.,0.,1.));
#2908=DIRECTION('ref_axis',(1.,-6.53175408752138E-17,0.));
#2909=DIRECTION('center_axis',(0.,0.,1.));
#2910=DIRECTION('ref_axis',(1.,-6.53175408752138E-17,0.));
#2911=DIRECTION('center_axis',(0.,0.,1.));
#2912=DIRECTION('ref_axis',(1.,-6.53175408752138E-17,0.));
#2913=DIRECTION('center_axis',(0.,0.,1.));
#2914=DIRECTION('ref_axis',(1.,-6.53175408752138E-17,0.));
#2915=DIRECTION('',(-0.707106781186547,-0.707106781186548,0.));
#2916=DIRECTION('center_axis',(0.,0.,1.));
#2917=DIRECTION('ref_axis',(-0.707106781186548,0.707106781186548,0.));
#2918=DIRECTION('',(0.707106781186548,0.707106781186547,0.));
#2919=DIRECTION('',(-0.707106781186549,0.707106781186546,0.));
#2920=DIRECTION('center_axis',(0.,0.,1.));
#2921=DIRECTION('ref_axis',(0.70710678118655,0.707106781186545,0.));
#2922=DIRECTION('',(0.707106781186547,-0.707106781186548,0.));
#2923=DIRECTION('',(-0.707106781186548,0.707106781186547,0.));
#2924=DIRECTION('center_axis',(0.,0.,1.));
#2925=DIRECTION('ref_axis',(-0.707106781186549,-0.707106781186546,0.));
#2926=DIRECTION('',(-0.707106781186547,0.707106781186548,0.));
#2927=DIRECTION('center_axis',(0.,0.,-1.));
#2928=DIRECTION('ref_axis',(-1.,0.,0.));
#2929=DIRECTION('',(0.570462687498605,-0.821323518579536,0.));
#2930=DIRECTION('center_axis',(0.,0.,-1.));
#2931=DIRECTION('ref_axis',(0.821323518579537,0.570462687498602,0.));
#2932=DIRECTION('',(-6.53175408752138E-17,-1.,0.));
#2933=DIRECTION('center_axis',(0.,0.,-1.));
#2934=DIRECTION('ref_axis',(1.,-1.14189744354202E-15,0.));
#2935=DIRECTION('',(-0.570462687498606,-0.821323518579535,0.));
#2936=DIRECTION('center_axis',(0.,0.,-1.));
#2937=DIRECTION('ref_axis',(0.821323518579534,-0.570462687498608,0.));
#2938=DIRECTION('',(-1.,-1.58305596881145E-16,0.));
#2939=DIRECTION('center_axis',(0.,0.,-1.));
#2940=DIRECTION('ref_axis',(-6.53175408752138E-17,-1.,0.));
#2941=DIRECTION('',(-0.929152873095586,0.369695737625168,0.));
#2942=DIRECTION('center_axis',(0.,0.,1.));
#2943=DIRECTION('ref_axis',(-3.84007582460075E-15,-1.,0.));
#2944=DIRECTION('',(-1.,-6.53175408752137E-17,0.));
#2945=DIRECTION('center_axis',(0.,0.,-1.));
#2946=DIRECTION('ref_axis',(-6.53175408752138E-17,-1.,0.));
#2947=DIRECTION('',(-0.866025403772889,0.500000000020004,0.));
#2948=DIRECTION('center_axis',(0.,0.,-1.));
#2949=DIRECTION('ref_axis',(-0.500000000019999,-0.866025403772892,0.));
#2950=DIRECTION('',(3.3446251654192E-16,1.,0.));
#2951=DIRECTION('center_axis',(0.,0.,-1.));
#2952=DIRECTION('ref_axis',(-0.994222337622567,0.107340315689488,0.));
#2953=DIRECTION('',(0.86602540377289,0.500000000020003,0.));
#2954=DIRECTION('center_axis',(0.,0.,-1.));
#2955=DIRECTION('ref_axis',(-0.50000000002,0.866025403772892,0.));
#2956=DIRECTION('',(1.,-6.53175408752138E-17,0.));
#2957=DIRECTION('center_axis',(0.,0.,1.));
#2958=DIRECTION('ref_axis',(-0.369695737625168,0.929152873095587,0.));
#2959=DIRECTION('',(0.929152873095586,0.369695737625168,0.));
#2960=DIRECTION('center_axis',(0.,0.,-1.));
#2961=DIRECTION('ref_axis',(-0.369695774361314,0.929152858478834,0.));
#2962=DIRECTION('',(1.,4.64940280029655E-17,0.));
#2963=DIRECTION('center_axis',(0.,0.,-1.));
#2964=DIRECTION('ref_axis',(6.53175408752138E-17,1.,0.));
#2965=DIRECTION('',(-0.707106781186548,0.707106781186547,0.));
#2966=DIRECTION('',(0.707106781186547,-0.707106781186548,0.));
#2967=DIRECTION('center_axis',(0.,0.,1.));
#2968=DIRECTION('ref_axis',(-0.707106781186549,-0.707106781186546,0.));
#2969=DIRECTION('',(0.707106781186547,0.707106781186548,0.));
#2970=DIRECTION('',(-0.707106781186548,-0.707106781186547,0.));
#2971=DIRECTION('center_axis',(0.,0.,1.));
#2972=DIRECTION('ref_axis',(-0.707106781186548,0.707106781186548,0.));
#2973=DIRECTION('',(0.707106781186548,-0.707106781186547,0.));
#2974=DIRECTION('',(-0.707106781186547,0.707106781186548,0.));
#2975=DIRECTION('center_axis',(0.,0.,1.));
#2976=DIRECTION('ref_axis',(0.70710678118655,0.707106781186545,0.));
#2977=DIRECTION('',(1.,-4.01887365038303E-15,0.));
#2978=DIRECTION('center_axis',(0.,0.,1.));
#2979=DIRECTION('ref_axis',(0.515078753637714,-0.857142857142856,0.));
#2980=DIRECTION('',(-1.,4.51306816407155E-15,0.));
#2981=DIRECTION('center_axis',(0.,0.,1.));
#2982=DIRECTION('ref_axis',(1.,-6.53175408752138E-17,0.));
#2983=DIRECTION('',(-6.53175408752138E-17,-1.,0.));
#2984=DIRECTION('center_axis',(0.,0.,1.));
#2985=DIRECTION('ref_axis',(3.61803121967572E-15,1.,0.));
#2986=DIRECTION('center_axis',(0.,0.,1.));
#2987=DIRECTION('ref_axis',(1.,-6.53175408752138E-17,0.));
#2988=DIRECTION('center_axis',(0.,0.,1.));
#2989=DIRECTION('ref_axis',(1.,-6.53175408752138E-17,0.));
#2990=DIRECTION('center_axis',(0.,0.,1.));
#2991=DIRECTION('ref_axis',(1.,-6.53175408752138E-17,0.));
#2992=DIRECTION('center_axis',(0.,0.,1.));
#2993=DIRECTION('ref_axis',(1.,-6.53175408752138E-17,0.));
#2994=DIRECTION('center_axis',(0.,0.,1.));
#2995=DIRECTION('ref_axis',(1.,-6.53175408752138E-17,0.));
#2996=DIRECTION('center_axis',(0.,0.,1.));
#2997=DIRECTION('ref_axis',(1.,-6.53175408752138E-17,0.));
#2998=DIRECTION('center_axis',(0.,0.,1.));
#2999=DIRECTION('ref_axis',(1.,-6.53175408752138E-17,0.));
#3000=DIRECTION('center_axis',(0.,0.,1.));
#3001=DIRECTION('ref_axis',(1.,-6.53175408752138E-17,0.));
#3002=DIRECTION('center_axis',(0.,0.,1.));
#3003=DIRECTION('ref_axis',(1.,-6.53175408752138E-17,0.));
#3004=DIRECTION('center_axis',(0.,0.,1.));
#3005=DIRECTION('ref_axis',(1.,-6.53175408752138E-17,0.));
#3006=DIRECTION('center_axis',(0.,0.,1.));
#3007=DIRECTION('ref_axis',(1.,-6.53175408752138E-17,0.));
#3008=DIRECTION('center_axis',(0.,0.,1.));
#3009=DIRECTION('ref_axis',(1.,-6.53175408752138E-17,0.));
#3010=DIRECTION('',(0.707106781186542,0.707106781186553,0.));
#3011=DIRECTION('center_axis',(0.,0.,1.));
#3012=DIRECTION('ref_axis',(0.707106781186548,-0.707106781186548,0.));
#3013=DIRECTION('',(-0.707106781186548,-0.707106781186548,0.));
#3014=DIRECTION('center_axis',(0.707106781186548,0.707106781186547,0.));
#3015=DIRECTION('ref_axis',(0.707106781186547,-0.707106781186548,0.));
#3016=DIRECTION('',(0.,0.,-1.));
#3017=DIRECTION('center_axis',(-0.707106781186547,-0.707106781186548,0.));
#3018=DIRECTION('ref_axis',(-0.707106781186548,0.707106781186547,0.));
#3019=DIRECTION('',(0.,0.,-1.));
#3020=DIRECTION('center_axis',(0.,0.,-1.));
#3021=DIRECTION('ref_axis',(-0.707106781186549,-0.707106781186546,0.));
#3022=DIRECTION('center_axis',(-0.707106781186548,0.707106781186547,0.));
#3023=DIRECTION('ref_axis',(0.707106781186547,0.707106781186548,0.));
#3024=DIRECTION('',(0.,0.,-1.));
#3025=DIRECTION('center_axis',(0.,0.,-1.));
#3026=DIRECTION('ref_axis',(-0.707106781186548,0.707106781186548,0.));
#3027=DIRECTION('',(0.,0.,-1.));
#3028=DIRECTION('center_axis',(0.707106781186546,-0.707106781186549,0.));
#3029=DIRECTION('ref_axis',(-0.707106781186549,-0.707106781186546,0.));
#3030=DIRECTION('center_axis',(0.707106781186547,0.707106781186548,0.));
#3031=DIRECTION('ref_axis',(0.707106781186548,-0.707106781186547,0.));
#3032=DIRECTION('',(0.,0.,-1.));
#3033=DIRECTION('center_axis',(0.,0.,-1.));
#3034=DIRECTION('ref_axis',(0.70710678118655,0.707106781186545,0.));
#3035=DIRECTION('',(0.,0.,-1.));
#3036=DIRECTION('center_axis',(-0.707106781186548,-0.707106781186547,0.));
#3037=DIRECTION('ref_axis',(-0.707106781186547,0.707106781186548,0.));
#3038=DIRECTION('center_axis',(0.707106781186548,-0.707106781186548,0.));
#3039=DIRECTION('ref_axis',(-0.707106781186548,-0.707106781186548,0.));
#3040=DIRECTION('',(0.,0.,-1.));
#3041=DIRECTION('center_axis',(0.,0.,-1.));
#3042=DIRECTION('ref_axis',(0.707106781186548,-0.707106781186548,0.));
#3043=DIRECTION('',(0.,0.,-1.));
#3044=DIRECTION('center_axis',(-0.707106781186547,0.707106781186548,0.));
#3045=DIRECTION('ref_axis',(0.707106781186548,0.707106781186547,0.));
#3046=DIRECTION('center_axis',(0.,0.,-1.));
#3047=DIRECTION('ref_axis',(3.61803121967572E-15,1.,0.));
#3048=DIRECTION('',(0.,0.,-1.));
#3049=DIRECTION('',(0.,0.,-1.));
#3050=DIRECTION('center_axis',(1.,-6.53175408752138E-17,0.));
#3051=DIRECTION('ref_axis',(-6.53175408752138E-17,-1.,0.));
#3052=DIRECTION('',(0.,0.,-1.));
#3053=DIRECTION('center_axis',(0.,0.,-1.));
#3054=DIRECTION('ref_axis',(1.,-6.53175408752138E-17,0.));
#3055=DIRECTION('',(0.,0.,-1.));
#3056=DIRECTION('center_axis',(-4.51306816407155E-15,-1.,0.));
#3057=DIRECTION('ref_axis',(-1.,4.51306816407155E-15,0.));
#3058=DIRECTION('',(0.,0.,-1.));
#3059=DIRECTION('center_axis',(0.,0.,-1.));
#3060=DIRECTION('ref_axis',(0.515078753637714,-0.857142857142856,0.));
#3061=DIRECTION('',(0.,0.,-1.));
#3062=DIRECTION('center_axis',(4.01887365038303E-15,1.,0.));
#3063=DIRECTION('ref_axis',(1.,-4.01887365038303E-15,0.));
#3064=DIRECTION('center_axis',(0.,0.,-1.));
#3065=DIRECTION('ref_axis',(1.,-6.53175408752138E-17,0.));
#3066=DIRECTION('',(0.,0.,1.));
#3067=DIRECTION('center_axis',(0.,0.,-1.));
#3068=DIRECTION('ref_axis',(1.,-6.53175408752138E-17,0.));
#3069=DIRECTION('',(0.,0.,1.));
#3070=DIRECTION('center_axis',(0.,0.,-1.));
#3071=DIRECTION('ref_axis',(1.,-6.53175408752138E-17,0.));
#3072=DIRECTION('',(0.,0.,1.));
#3073=DIRECTION('center_axis',(0.,0.,-1.));
#3074=DIRECTION('ref_axis',(1.,-6.53175408752138E-17,0.));
#3075=DIRECTION('',(0.,0.,1.));
#3076=DIRECTION('center_axis',(0.,0.,-1.));
#3077=DIRECTION('ref_axis',(1.,-6.53175408752138E-17,0.));
#3078=DIRECTION('',(0.,0.,1.));
#3079=DIRECTION('center_axis',(0.,0.,-1.));
#3080=DIRECTION('ref_axis',(1.,-6.53175408752138E-17,0.));
#3081=DIRECTION('',(0.,0.,1.));
#3082=DIRECTION('center_axis',(0.,0.,-1.));
#3083=DIRECTION('ref_axis',(1.,-6.53175408752138E-17,0.));
#3084=DIRECTION('',(0.,0.,1.));
#3085=DIRECTION('center_axis',(0.,0.,-1.));
#3086=DIRECTION('ref_axis',(1.,-6.53175408752138E-17,0.));
#3087=DIRECTION('',(0.,0.,1.));
#3088=DIRECTION('center_axis',(0.,0.,-1.));
#3089=DIRECTION('ref_axis',(1.,-6.53175408752138E-17,0.));
#3090=DIRECTION('',(0.,0.,1.));
#3091=DIRECTION('center_axis',(0.,0.,-1.));
#3092=DIRECTION('ref_axis',(1.,-6.53175408752138E-17,0.));
#3093=DIRECTION('',(0.,0.,1.));
#3094=DIRECTION('center_axis',(0.,0.,-1.));
#3095=DIRECTION('ref_axis',(1.,-6.53175408752138E-17,0.));
#3096=DIRECTION('',(0.,0.,1.));
#3097=DIRECTION('center_axis',(0.,0.,-1.));
#3098=DIRECTION('ref_axis',(1.,-6.53175408752138E-17,0.));
#3099=DIRECTION('',(0.,0.,1.));
#3100=DIRECTION('center_axis',(0.,0.,-1.));
#3101=DIRECTION('ref_axis',(6.53175408752138E-17,1.,0.));
#3102=DIRECTION('',(0.,0.,-1.));
#3103=DIRECTION('',(0.,0.,-1.));
#3104=DIRECTION('center_axis',(-4.64940280029655E-17,1.,0.));
#3105=DIRECTION('ref_axis',(1.,4.64940280029655E-17,0.));
#3106=DIRECTION('',(0.,0.,-1.));
#3107=DIRECTION('center_axis',(0.,0.,-1.));
#3108=DIRECTION('ref_axis',(-0.369695774361314,0.929152858478834,0.));
#3109=DIRECTION('',(0.,0.,-1.));
#3110=DIRECTION('center_axis',(-0.369695737625168,0.929152873095587,0.));
#3111=DIRECTION('ref_axis',(0.929152873095586,0.369695737625168,0.));
#3112=DIRECTION('',(0.,0.,-1.));
#3113=DIRECTION('center_axis',(0.,0.,-1.));
#3114=DIRECTION('ref_axis',(-0.369695737625168,0.929152873095587,0.));
#3115=DIRECTION('',(0.,0.,-1.));
#3116=DIRECTION('center_axis',(6.53175408752138E-17,1.,0.));
#3117=DIRECTION('ref_axis',(1.,-6.53175408752138E-17,0.));
#3118=DIRECTION('',(0.,0.,-1.));
#3119=DIRECTION('center_axis',(0.,0.,-1.));
#3120=DIRECTION('ref_axis',(-0.50000000002,0.866025403772892,0.));
#3121=DIRECTION('',(0.,0.,-1.));
#3122=DIRECTION('center_axis',(-0.500000000020003,0.86602540377289,0.));
#3123=DIRECTION('ref_axis',(0.86602540377289,0.500000000020003,0.));
#3124=DIRECTION('',(0.,0.,-1.));
#3125=DIRECTION('center_axis',(0.,0.,-1.));
#3126=DIRECTION('ref_axis',(-0.994222337622567,0.107340315689488,0.));
#3127=DIRECTION('',(0.,0.,-1.));
#3128=DIRECTION('center_axis',(-1.,3.3446251654192E-16,0.));
#3129=DIRECTION('ref_axis',(3.3446251654192E-16,1.,0.));
#3130=DIRECTION('',(0.,0.,-1.));
#3131=DIRECTION('center_axis',(0.,0.,-1.));
#3132=DIRECTION('ref_axis',(-0.500000000019999,-0.866025403772892,0.));
#3133=DIRECTION('',(0.,0.,-1.));
#3134=DIRECTION('center_axis',(-0.500000000020004,-0.866025403772889,0.));
#3135=DIRECTION('ref_axis',(-0.866025403772889,0.500000000020004,0.));
#3136=DIRECTION('',(0.,0.,-1.));
#3137=DIRECTION('center_axis',(0.,0.,-1.));
#3138=DIRECTION('ref_axis',(-6.53175408752138E-17,-1.,0.));
#3139=DIRECTION('',(0.,0.,-1.));
#3140=DIRECTION('center_axis',(6.53175408752137E-17,-1.,0.));
#3141=DIRECTION('ref_axis',(-1.,-6.53175408752137E-17,0.));
#3142=DIRECTION('',(0.,0.,-1.));
#3143=DIRECTION('center_axis',(0.,0.,-1.));
#3144=DIRECTION('ref_axis',(-3.84007582460075E-15,-1.,0.));
#3145=DIRECTION('',(0.,0.,-1.));
#3146=DIRECTION('center_axis',(-0.369695737625168,-0.929152873095586,0.));
#3147=DIRECTION('ref_axis',(-0.929152873095586,0.369695737625168,0.));
#3148=DIRECTION('',(0.,0.,-1.));
#3149=DIRECTION('center_axis',(0.,0.,-1.));
#3150=DIRECTION('ref_axis',(-6.53175408752138E-17,-1.,0.));
#3151=DIRECTION('',(0.,0.,-1.));
#3152=DIRECTION('center_axis',(1.58305596881145E-16,-1.,0.));
#3153=DIRECTION('ref_axis',(-1.,-1.58305596881145E-16,0.));
#3154=DIRECTION('',(0.,0.,-1.));
#3155=DIRECTION('center_axis',(0.,0.,-1.));
#3156=DIRECTION('ref_axis',(0.821323518579534,-0.570462687498608,0.));
#3157=DIRECTION('',(0.,0.,-1.));
#3158=DIRECTION('center_axis',(0.821323518579535,-0.570462687498606,0.));
#3159=DIRECTION('ref_axis',(-0.570462687498606,-0.821323518579535,0.));
#3160=DIRECTION('',(0.,0.,-1.));
#3161=DIRECTION('center_axis',(0.,0.,-1.));
#3162=DIRECTION('ref_axis',(1.,-1.14189744354202E-15,0.));
#3163=DIRECTION('',(0.,0.,-1.));
#3164=DIRECTION('center_axis',(1.,-6.53175408752138E-17,0.));
#3165=DIRECTION('ref_axis',(-6.53175408752138E-17,-1.,0.));
#3166=DIRECTION('',(0.,0.,-1.));
#3167=DIRECTION('center_axis',(0.,0.,-1.));
#3168=DIRECTION('ref_axis',(0.821323518579537,0.570462687498602,0.));
#3169=DIRECTION('',(0.,0.,-1.));
#3170=DIRECTION('center_axis',(0.821323518579536,0.570462687498605,0.));
#3171=DIRECTION('ref_axis',(0.570462687498605,-0.821323518579536,0.));
#3172=DIRECTION('',(-1.99578873166514E-33,-6.12323399573676E-17,1.));
#3173=DIRECTION('',(6.00908212078366E-15,1.,6.12323399573676E-17));
#3174=DIRECTION('',(1.49636567288837E-15,1.92342184721113E-29,-1.));
#3175=DIRECTION('',(3.34767643417261E-17,-1.,-2.02885164061529E-29));
#3176=DIRECTION('',(1.11022302462516E-16,1.20813208074959E-31,0.999999999999999));
#3177=DIRECTION('',(6.12323399573658E-17,-1.,8.93631494195677E-32));
#3178=CARTESIAN_POINT('',(0.,0.,0.));
#3179=CARTESIAN_POINT('',(0.,0.,0.));
#3180=CARTESIAN_POINT('Origin',(86.1,94.,49.6));
#3181=CARTESIAN_POINT('',(83.,104.,49.6));
#3182=CARTESIAN_POINT('Origin',(86.1,104.,49.6));
#3183=CARTESIAN_POINT('',(83.,94.,49.6));
#3184=CARTESIAN_POINT('',(83.,94.,49.6));
#3185=CARTESIAN_POINT('Origin',(86.1,94.,49.6));
#3186=CARTESIAN_POINT('Origin',(86.1,104.,49.6));
#3187=CARTESIAN_POINT('Origin',(36.9,94.,49.6));
#3188=CARTESIAN_POINT('',(33.8,104.,49.6));
#3189=CARTESIAN_POINT('Origin',(36.9,104.,49.6));
#3190=CARTESIAN_POINT('',(33.8,94.,49.6));
#3191=CARTESIAN_POINT('',(33.8,94.,49.6));
#3192=CARTESIAN_POINT('Origin',(36.9,94.,49.6));
#3193=CARTESIAN_POINT('Origin',(36.9,104.,49.6));
#3194=CARTESIAN_POINT('Origin',(107.5,17.5,0.));
#3195=CARTESIAN_POINT('',(106.25,17.5,0.));
#3196=CARTESIAN_POINT('Origin',(107.5,17.5,0.));
#3197=CARTESIAN_POINT('',(106.25,17.5,15.));
#3198=CARTESIAN_POINT('',(106.25,17.5,0.));
#3199=CARTESIAN_POINT('Origin',(107.5,17.5,15.));
#3200=CARTESIAN_POINT('Origin',(107.5,17.5,15.));
#3201=CARTESIAN_POINT('Origin',(21.5,75.5,0.));
#3202=CARTESIAN_POINT('',(20.25,75.5,0.));
#3203=CARTESIAN_POINT('Origin',(21.5,75.5,0.));
#3204=CARTESIAN_POINT('',(20.25,75.5,15.));
#3205=CARTESIAN_POINT('',(20.25,75.5,0.));
#3206=CARTESIAN_POINT('Origin',(21.5,75.5,15.));
#3207=CARTESIAN_POINT('Origin',(21.5,75.5,15.));
#3208=CARTESIAN_POINT('Origin',(107.5,75.5,0.));
#3209=CARTESIAN_POINT('',(106.25,75.5,0.));
#3210=CARTESIAN_POINT('Origin',(107.5,75.5,0.));
#3211=CARTESIAN_POINT('',(106.25,75.5,15.));
#3212=CARTESIAN_POINT('',(106.25,75.5,0.));
#3213=CARTESIAN_POINT('Origin',(107.5,75.5,15.));
#3214=CARTESIAN_POINT('Origin',(107.5,75.5,15.));
#3215=CARTESIAN_POINT('Origin',(21.5,17.5,0.));
#3216=CARTESIAN_POINT('',(20.25,17.5,0.));
#3217=CARTESIAN_POINT('Origin',(21.5,17.5,0.));
#3218=CARTESIAN_POINT('',(20.25,17.5,15.));
#3219=CARTESIAN_POINT('',(20.25,17.5,0.));
#3220=CARTESIAN_POINT('Origin',(21.5,17.5,15.));
#3221=CARTESIAN_POINT('Origin',(21.5,17.5,15.));
#3222=CARTESIAN_POINT('Origin',(123.,94.,0.));
#3223=CARTESIAN_POINT('',(123.,94.,0.));
#3224=CARTESIAN_POINT('',(0.,94.,0.));
#3225=CARTESIAN_POINT('',(123.,94.,0.));
#3226=CARTESIAN_POINT('',(0.,94.,67.));
#3227=CARTESIAN_POINT('',(0.,94.,0.));
#3228=CARTESIAN_POINT('',(123.,94.,67.));
#3229=CARTESIAN_POINT('',(123.,94.,67.));
#3230=CARTESIAN_POINT('',(123.,94.,0.));
#3231=CARTESIAN_POINT('Origin',(123.,0.,0.));
#3232=CARTESIAN_POINT('',(123.,0.,0.));
#3233=CARTESIAN_POINT('',(123.,0.,0.));
#3234=CARTESIAN_POINT('',(123.,0.,67.));
#3235=CARTESIAN_POINT('',(123.,0.,67.));
#3236=CARTESIAN_POINT('',(123.,0.,0.));
#3237=CARTESIAN_POINT('Origin',(0.,0.,0.));
#3238=CARTESIAN_POINT('',(0.,0.,0.));
#3239=CARTESIAN_POINT('',(0.,0.,0.));
#3240=CARTESIAN_POINT('',(0.,0.,67.));
#3241=CARTESIAN_POINT('',(0.,0.,67.));
#3242=CARTESIAN_POINT('',(0.,0.,0.));
#3243=CARTESIAN_POINT('Origin',(0.,94.,0.));
#3244=CARTESIAN_POINT('',(0.,94.,0.));
#3245=CARTESIAN_POINT('',(0.,94.,67.));
#3246=CARTESIAN_POINT('Origin',(61.5,47.,67.));
#3247=CARTESIAN_POINT('Origin',(61.5,47.,0.));
#3248=CARTESIAN_POINT('',(0.,0.,0.));
#3249=CARTESIAN_POINT('Origin',(69.6,45.,0.));
#3250=CARTESIAN_POINT('',(67.85,45.,0.));
#3251=CARTESIAN_POINT('Origin',(69.6,45.,0.));
#3252=CARTESIAN_POINT('',(67.85,45.,18.));
#3253=CARTESIAN_POINT('',(67.85,45.,0.));
#3254=CARTESIAN_POINT('Origin',(69.6,45.,18.));
#3255=CARTESIAN_POINT('Origin',(69.6,3.,0.));
#3256=CARTESIAN_POINT('',(67.85,3.,0.));
#3257=CARTESIAN_POINT('Origin',(69.6,3.,0.));
#3258=CARTESIAN_POINT('',(67.85,3.,18.));
#3259=CARTESIAN_POINT('',(67.85,3.,0.));
#3260=CARTESIAN_POINT('Origin',(69.6,3.,18.));
#3261=CARTESIAN_POINT('Origin',(2.8,45.,0.));
#3262=CARTESIAN_POINT('',(1.05,45.,0.));
#3263=CARTESIAN_POINT('Origin',(2.8,45.,0.));
#3264=CARTESIAN_POINT('',(1.05,45.,18.));
#3265=CARTESIAN_POINT('',(1.05,45.,0.));
#3266=CARTESIAN_POINT('Origin',(2.8,45.,18.));
#3267=CARTESIAN_POINT('Origin',(2.8,3.,0.));
#3268=CARTESIAN_POINT('',(1.05,3.,0.));
#3269=CARTESIAN_POINT('Origin',(2.8,3.,0.));
#3270=CARTESIAN_POINT('',(1.05,3.,18.));
#3271=CARTESIAN_POINT('',(1.05,3.,0.));
#3272=CARTESIAN_POINT('Origin',(2.8,3.,18.));
#3273=CARTESIAN_POINT('Origin',(72.4,48.,0.));
#3274=CARTESIAN_POINT('',(72.4,48.,0.));
#3275=CARTESIAN_POINT('',(0.,48.,0.));
#3276=CARTESIAN_POINT('',(72.4,48.,0.));
#3277=CARTESIAN_POINT('',(0.,48.,18.));
#3278=CARTESIAN_POINT('',(0.,48.,0.));
#3279=CARTESIAN_POINT('',(72.4,48.,18.));
#3280=CARTESIAN_POINT('',(72.4,48.,18.));
#3281=CARTESIAN_POINT('',(72.4,48.,0.));
#3282=CARTESIAN_POINT('Origin',(72.4,0.,0.));
#3283=CARTESIAN_POINT('',(72.4,0.,0.));
#3284=CARTESIAN_POINT('',(72.4,0.,0.));
#3285=CARTESIAN_POINT('',(72.4,0.,18.));
#3286=CARTESIAN_POINT('',(72.4,0.,18.));
#3287=CARTESIAN_POINT('',(72.4,0.,0.));
#3288=CARTESIAN_POINT('Origin',(0.,0.,0.));
#3289=CARTESIAN_POINT('',(0.,0.,0.));
#3290=CARTESIAN_POINT('',(0.,0.,0.));
#3291=CARTESIAN_POINT('',(0.,0.,18.));
#3292=CARTESIAN_POINT('',(0.,0.,18.));
#3293=CARTESIAN_POINT('',(0.,0.,0.));
#3294=CARTESIAN_POINT('Origin',(0.,48.,0.));
#3295=CARTESIAN_POINT('',(0.,48.,0.));
#3296=CARTESIAN_POINT('',(0.,48.,18.));
#3297=CARTESIAN_POINT('Origin',(36.2,24.,18.));
#3298=CARTESIAN_POINT('Origin',(36.2,24.,0.));
#3299=CARTESIAN_POINT('',(0.,0.,0.));
#3300=CARTESIAN_POINT('Origin',(62.5,5.05,0.));
#3301=CARTESIAN_POINT('',(68.2,5.05,0.));
#3302=CARTESIAN_POINT('',(62.5,5.05,0.));
#3303=CARTESIAN_POINT('',(68.2,5.05,0.));
#3304=CARTESIAN_POINT('',(68.2,5.05,5.75));
#3305=CARTESIAN_POINT('',(68.2,5.05,0.));
#3306=CARTESIAN_POINT('',(62.5,5.05,5.75));
#3307=CARTESIAN_POINT('',(68.2,5.05,5.75));
#3308=CARTESIAN_POINT('',(62.5,5.05,0.));
#3309=CARTESIAN_POINT('Origin',(68.2,20.45,0.));
#3310=CARTESIAN_POINT('',(62.5,20.45,0.));
#3311=CARTESIAN_POINT('',(68.2,20.45,0.));
#3312=CARTESIAN_POINT('',(0.,20.45,0.));
#3313=CARTESIAN_POINT('',(62.5,20.45,5.75));
#3314=CARTESIAN_POINT('',(62.5,20.45,0.));
#3315=CARTESIAN_POINT('',(68.2,20.45,5.75));
#3316=CARTESIAN_POINT('',(0.,20.45,5.75));
#3317=CARTESIAN_POINT('',(68.2,20.45,0.));
#3318=CARTESIAN_POINT('Origin',(68.2,5.05,0.));
#3319=CARTESIAN_POINT('',(68.2,20.45,0.));
#3320=CARTESIAN_POINT('',(68.2,20.45,5.75));
#3321=CARTESIAN_POINT('Origin',(65.35,12.75,5.75));
#3322=CARTESIAN_POINT('',(62.5,6.375,5.75));
#3323=CARTESIAN_POINT('Origin',(3.275,22.225,0.));
#3324=CARTESIAN_POINT('',(1.5,22.225,15.));
#3325=CARTESIAN_POINT('Origin',(3.275,22.225,15.));
#3326=CARTESIAN_POINT('',(1.5,22.225,0.));
#3327=CARTESIAN_POINT('',(1.5,22.225,0.));
#3328=CARTESIAN_POINT('Origin',(3.275,22.225,0.));
#3329=CARTESIAN_POINT('Origin',(3.275,3.275,0.));
#3330=CARTESIAN_POINT('',(1.5,3.275,15.));
#3331=CARTESIAN_POINT('Origin',(3.275,3.275,15.));
#3332=CARTESIAN_POINT('',(1.5,3.275,0.));
#3333=CARTESIAN_POINT('',(1.5,3.275,0.));
#3334=CARTESIAN_POINT('Origin',(3.275,3.275,0.));
#3335=CARTESIAN_POINT('Origin',(59.225,22.225,0.));
#3336=CARTESIAN_POINT('',(57.45,22.225,15.));
#3337=CARTESIAN_POINT('Origin',(59.225,22.225,15.));
#3338=CARTESIAN_POINT('',(57.45,22.225,0.));
#3339=CARTESIAN_POINT('',(57.45,22.225,0.));
#3340=CARTESIAN_POINT('Origin',(59.225,22.225,0.));
#3341=CARTESIAN_POINT('Origin',(59.225,3.275,0.));
#3342=CARTESIAN_POINT('',(57.45,3.275,15.));
#3343=CARTESIAN_POINT('Origin',(59.225,3.275,15.));
#3344=CARTESIAN_POINT('',(57.45,3.275,0.));
#3345=CARTESIAN_POINT('',(57.45,3.275,0.));
#3346=CARTESIAN_POINT('Origin',(59.225,3.275,0.));
#3347=CARTESIAN_POINT('Origin',(0.,25.5,0.));
#3348=CARTESIAN_POINT('',(0.,25.5,0.));
#3349=CARTESIAN_POINT('',(0.,0.,0.));
#3350=CARTESIAN_POINT('',(0.,25.5,0.));
#3351=CARTESIAN_POINT('',(0.,0.,15.));
#3352=CARTESIAN_POINT('',(0.,0.,0.));
#3353=CARTESIAN_POINT('',(0.,25.5,15.));
#3354=CARTESIAN_POINT('',(0.,25.5,15.));
#3355=CARTESIAN_POINT('',(0.,25.5,0.));
#3356=CARTESIAN_POINT('Origin',(62.5,25.5,0.));
#3357=CARTESIAN_POINT('',(62.5,25.5,0.));
#3358=CARTESIAN_POINT('',(62.5,25.5,0.));
#3359=CARTESIAN_POINT('',(62.5,25.5,15.));
#3360=CARTESIAN_POINT('',(62.5,25.5,15.));
#3361=CARTESIAN_POINT('',(62.5,25.5,0.));
#3362=CARTESIAN_POINT('Origin',(62.5,0.,0.));
#3363=CARTESIAN_POINT('',(62.5,0.,0.));
#3364=CARTESIAN_POINT('',(62.5,0.,15.));
#3365=CARTESIAN_POINT('',(62.5,0.,15.));
#3366=CARTESIAN_POINT('',(62.5,0.,0.));
#3367=CARTESIAN_POINT('',(62.5,0.,0.));
#3368=CARTESIAN_POINT('',(62.5,0.,0.));
#3369=CARTESIAN_POINT('Origin',(0.,0.,0.));
#3370=CARTESIAN_POINT('',(0.,0.,0.));
#3371=CARTESIAN_POINT('',(0.,0.,15.));
#3372=CARTESIAN_POINT('Origin',(31.25,12.75,15.));
#3373=CARTESIAN_POINT('Origin',(31.25,12.75,0.));
#3374=CARTESIAN_POINT('Origin',(-26.4750009685755,-27.975,-4.27713420236841E-15));
#3375=CARTESIAN_POINT('',(-26.4750009685755,-26.2,-4.27713420236841E-15));
#3376=CARTESIAN_POINT('Origin',(-26.4750009685755,-27.975,0.));
#3377=CARTESIAN_POINT('',(-26.4750009685755,-26.2,-5.));
#3378=CARTESIAN_POINT('',(-26.4750009685755,-26.2,-4.27713420236841E-15));
#3379=CARTESIAN_POINT('Origin',(-26.4750009685755,-27.975,-5.));
#3380=CARTESIAN_POINT('Origin',(-26.4750009685755,27.975,-4.27713420236842E-15));
#3381=CARTESIAN_POINT('',(-26.4750009685755,29.75,-4.27713420236842E-15));
#3382=CARTESIAN_POINT('Origin',(-26.4750009685755,27.975,0.));
#3383=CARTESIAN_POINT('',(-26.4750009685755,29.75,-5.));
#3384=CARTESIAN_POINT('',(-26.4750009685755,29.75,-4.27713420236842E-15));
#3385=CARTESIAN_POINT('Origin',(-26.4750009685755,27.975,-5.));
#3386=CARTESIAN_POINT('Origin',(-45.4250009685755,-27.975,-2.17326157070374E-15));
#3387=CARTESIAN_POINT('',(-45.4250009685755,-26.2,-2.17326157070374E-15));
#3388=CARTESIAN_POINT('Origin',(-45.4250009685755,-27.975,0.));
#3389=CARTESIAN_POINT('',(-45.4250009685755,-26.2,-5.));
#3390=CARTESIAN_POINT('',(-45.4250009685755,-26.2,-2.17326157070374E-15));
#3391=CARTESIAN_POINT('Origin',(-45.4250009685755,-27.975,-5.));
#3392=CARTESIAN_POINT('Origin',(-45.4250009685755,27.975,-2.17326157070375E-15));
#3393=CARTESIAN_POINT('',(-45.4250009685755,29.75,-2.17326157070375E-15));
#3394=CARTESIAN_POINT('Origin',(-45.4250009685755,27.975,0.));
#3395=CARTESIAN_POINT('',(-45.4250009685755,29.75,-5.));
#3396=CARTESIAN_POINT('',(-45.4250009685755,29.75,-2.17326157070375E-15));
#3397=CARTESIAN_POINT('Origin',(-45.4250009685755,27.975,-5.));
#3398=CARTESIAN_POINT('Origin',(47.6249999999997,-39.9999999999998,-3.1243967894172E-15));
#3399=CARTESIAN_POINT('',(47.6249999999997,-41.2499999999998,-3.2009372143639E-15));
#3400=CARTESIAN_POINT('Origin',(47.6249999999997,-39.9999999999998,0.));
#3401=CARTESIAN_POINT('',(47.6249999999997,-41.2499999999998,-5.));
#3402=CARTESIAN_POINT('',(47.6249999999997,-41.2499999999998,-3.1243967894172E-15));
#3403=CARTESIAN_POINT('Origin',(47.6249999999997,-39.9999999999998,-5.));
#3404=CARTESIAN_POINT('Origin',(105.625,45.9999999999999,2.1415844469164E-15));
#3405=CARTESIAN_POINT('',(105.625,44.7499999999999,2.06504402196969E-15));
#3406=CARTESIAN_POINT('Origin',(105.625,45.9999999999999,0.));
#3407=CARTESIAN_POINT('',(105.625,44.7499999999999,-5.));
#3408=CARTESIAN_POINT('',(105.625,44.7499999999999,2.1415844469164E-15));
#3409=CARTESIAN_POINT('Origin',(105.625,45.9999999999999,-5.));
#3410=CARTESIAN_POINT('Origin',(105.625,-40.0000000000001,-3.12439678941722E-15));
#3411=CARTESIAN_POINT('',(105.625,-41.2500000000001,-3.20093721436393E-15));
#3412=CARTESIAN_POINT('Origin',(105.625,-40.0000000000001,0.));
#3413=CARTESIAN_POINT('',(105.625,-41.2500000000001,-5.));
#3414=CARTESIAN_POINT('',(105.625,-41.2500000000001,-3.12439678941722E-15));
#3415=CARTESIAN_POINT('Origin',(105.625,-40.0000000000001,-5.));
#3416=CARTESIAN_POINT('Origin',(47.6250000000002,46.0000000000002,2.14158444691641E-15));
#3417=CARTESIAN_POINT('',(47.6250000000002,44.7500000000002,2.06504402196971E-15));
#3418=CARTESIAN_POINT('Origin',(47.6250000000002,46.0000000000002,0.));
#3419=CARTESIAN_POINT('',(47.6250000000002,44.7500000000002,-5.));
#3420=CARTESIAN_POINT('',(47.6250000000002,44.7500000000002,2.14158444691641E-15));
#3421=CARTESIAN_POINT('Origin',(47.6250000000002,46.0000000000002,-5.));
#3422=CARTESIAN_POINT('Origin',(23.,-33.4,-5.00000000000001));
#3423=CARTESIAN_POINT('',(23.,-31.65,-5.00000000000001));
#3424=CARTESIAN_POINT('Origin',(23.,-33.4,-4.99999999999996));
#3425=CARTESIAN_POINT('',(23.,-31.65,3.66373598126302E-14));
#3426=CARTESIAN_POINT('',(23.,-31.65,-5.00000000000001));
#3427=CARTESIAN_POINT('Origin',(23.,-33.4,3.66373598126302E-14));
#3428=CARTESIAN_POINT('Origin',(-19.,33.4,-5.00000000000006));
#3429=CARTESIAN_POINT('',(-19.,35.15,-5.00000000000006));
#3430=CARTESIAN_POINT('Origin',(-19.,33.4,-5.00000000000002));
#3431=CARTESIAN_POINT('',(-19.,35.15,-2.33146835171283E-14));
#3432=CARTESIAN_POINT('',(-19.,35.15,-5.00000000000006));
#3433=CARTESIAN_POINT('Origin',(-19.,33.4,-2.33146835171283E-14));
#3434=CARTESIAN_POINT('Origin',(-19.,-33.4,-5.00000000000006));
#3435=CARTESIAN_POINT('',(-19.,-31.65,-5.00000000000006));
#3436=CARTESIAN_POINT('Origin',(-19.,-33.4,-5.00000000000002));
#3437=CARTESIAN_POINT('',(-19.,-31.65,-2.33146835171283E-14));
#3438=CARTESIAN_POINT('',(-19.,-31.65,-5.00000000000006));
#3439=CARTESIAN_POINT('Origin',(-19.,-33.4,-2.33146835171283E-14));
#3440=CARTESIAN_POINT('Origin',(23.,33.4,-5.00000000000001));
#3441=CARTESIAN_POINT('',(23.,35.15,-5.00000000000001));
#3442=CARTESIAN_POINT('Origin',(23.,33.4,-4.99999999999996));
#3443=CARTESIAN_POINT('',(23.,35.15,3.66373598126302E-14));
#3444=CARTESIAN_POINT('',(23.,35.15,-5.00000000000001));
#3445=CARTESIAN_POINT('Origin',(23.,33.4,3.66373598126302E-14));
#3446=CARTESIAN_POINT('Origin',(-108.87995586482,23.5631791838722,-1.11022302462516E-15));
#3447=CARTESIAN_POINT('',(-107.748584902624,24.6945499214736,-5.));
#3448=CARTESIAN_POINT('',(-110.011326714718,22.4318083339737,-5.));
#3449=CARTESIAN_POINT('Origin',(-108.87995586482,23.5631791838722,-5.));
#3450=CARTESIAN_POINT('',(-107.748584902624,24.6945499214736,-1.11022302462516E-15));
#3451=CARTESIAN_POINT('',(-107.748584902624,24.6945499214736,-1.11022302462516E-15));
#3452=CARTESIAN_POINT('',(-110.011326714718,22.4318083339737,-1.11022302462516E-15));
#3453=CARTESIAN_POINT('Origin',(-108.87995586482,23.5631791838722,0.));
#3454=CARTESIAN_POINT('',(-110.011326714718,22.4318083339737,-1.11022302462516E-15));
#3455=CARTESIAN_POINT('Origin',(-63.5247127059525,-21.7920639749954,-1.11022302462516E-15));
#3456=CARTESIAN_POINT('',(-64.6560835558509,-22.9234348248939,-5.));
#3457=CARTESIAN_POINT('',(-62.393341856054,-20.660693125097,-5.));
#3458=CARTESIAN_POINT('Origin',(-63.5247127059525,-21.7920639749954,-5.));
#3459=CARTESIAN_POINT('',(-64.6560835558509,-22.9234348248939,6.98714858473672E-17));
#3460=CARTESIAN_POINT('',(-64.6560835558509,-22.9234348248939,6.98714858473672E-17));
#3461=CARTESIAN_POINT('',(-62.393341856054,-20.660693125097,-2.29031753509768E-15));
#3462=CARTESIAN_POINT('Origin',(-63.5247127059525,-21.7920639749954,0.));
#3463=CARTESIAN_POINT('',(-62.393341856054,-20.660693125097,-2.29031753509768E-15));
#3464=CARTESIAN_POINT('Origin',(-108.879955864819,-21.7920639749944,1.11688436277291E-12));
#3465=CARTESIAN_POINT('',(-110.011326714718,-20.6606931250959,-5.));
#3466=CARTESIAN_POINT('',(-107.748585014921,-22.9234348248939,-5.));
#3467=CARTESIAN_POINT('Origin',(-108.879955864819,-21.7920639749944,-5.));
#3468=CARTESIAN_POINT('',(-110.011326714718,-20.6606931250959,7.24044041383966E-12));
#3469=CARTESIAN_POINT('',(-110.011326714718,-20.6606931250959,7.24044041383966E-12));
#3470=CARTESIAN_POINT('',(-107.748585014921,-22.9234348248939,-5.00667168829264E-12));
#3471=CARTESIAN_POINT('Origin',(-108.879955864819,-21.7920639749944,0.));
#3472=CARTESIAN_POINT('',(-107.748585014921,-22.9234348248939,-5.00667168829264E-12));
#3473=CARTESIAN_POINT('Origin',(-63.5247127059524,23.5631791838722,0.));
#3474=CARTESIAN_POINT('',(-62.393341856054,22.4318083339737,-5.));
#3475=CARTESIAN_POINT('',(-64.6560835558509,24.6945500337706,-5.));
#3476=CARTESIAN_POINT('Origin',(-63.5247127059524,23.5631791838722,-5.));
#3477=CARTESIAN_POINT('',(-62.393341856054,22.4318083339737,0.));
#3478=CARTESIAN_POINT('',(-62.393341856054,22.4318083339737,0.));
#3479=CARTESIAN_POINT('',(-64.6560835558509,24.6945500337706,0.));
#3480=CARTESIAN_POINT('Origin',(-63.5247127059524,23.5631791838722,0.));
#3481=CARTESIAN_POINT('',(-64.6560835558509,24.6945500337706,0.));
#3482=CARTESIAN_POINT('Origin',(-3.5527136788005E-14,0.,0.));
#3483=CARTESIAN_POINT('',(126.963235185795,48.9546268749861,0.));
#3484=CARTESIAN_POINT('',(134.775919028281,37.7063171718635,0.));
#3485=CARTESIAN_POINT('',(126.963235185795,48.9546268749861,0.));
#3486=CARTESIAN_POINT('',(118.75,53.25,0.));
#3487=CARTESIAN_POINT('Origin',(118.75,43.25,0.));
#3488=CARTESIAN_POINT('',(39.3147118083272,53.25,0.));
#3489=CARTESIAN_POINT('',(39.3147118083272,53.25,0.));
#3490=CARTESIAN_POINT('',(35.617754064714,52.5415285847884,0.));
#3491=CARTESIAN_POINT('Origin',(39.3147118083272,43.25,0.));
#3492=CARTESIAN_POINT('',(19.0726170881057,45.9584712690441,0.));
#3493=CARTESIAN_POINT('',(19.0726170881057,45.9584712690441,0.));
#3494=CARTESIAN_POINT('',(15.375659711854,45.25,0.));
#3495=CARTESIAN_POINT('Origin',(15.375659711854,55.25,0.));
#3496=CARTESIAN_POINT('',(-120.602885683318,45.25,0.));
#3497=CARTESIAN_POINT('',(-120.602885683318,45.25,0.));
#3498=CARTESIAN_POINT('',(-125.602885683518,43.9102540377289,0.));
#3499=CARTESIAN_POINT('Origin',(-120.602885683318,35.25,0.));
#3500=CARTESIAN_POINT('',(-132.125000000165,40.1447095811264,0.));
#3501=CARTESIAN_POINT('',(-132.125000000165,40.1447095811264,0.));
#3502=CARTESIAN_POINT('',(-136.202334285386,33.8855576044383,0.));
#3503=CARTESIAN_POINT('Origin',(-128.,33.,0.));
#3504=CARTESIAN_POINT('',(-136.202334285386,-32.1144423955614,0.));
#3505=CARTESIAN_POINT('',(-136.202334285386,-32.1144423955614,0.));
#3506=CARTESIAN_POINT('',(-132.125000000165,-40.1447095811263,0.));
#3507=CARTESIAN_POINT('Origin',(-128.,-33.,0.));
#3508=CARTESIAN_POINT('',(-125.602885683518,-43.9102540377289,0.));
#3509=CARTESIAN_POINT('',(-125.602885683518,-43.9102540377289,0.));
#3510=CARTESIAN_POINT('',(-120.602885683318,-45.25,0.));
#3511=CARTESIAN_POINT('Origin',(-120.602885683318,-35.25,0.));
#3512=CARTESIAN_POINT('',(15.375659711854,-45.25,0.));
#3513=CARTESIAN_POINT('',(15.375659711854,-45.25,0.));
#3514=CARTESIAN_POINT('',(19.0726170881056,-45.9584712690441,0.));
#3515=CARTESIAN_POINT('Origin',(15.375659711854,-55.25,0.));
#3516=CARTESIAN_POINT('',(35.617754064714,-52.5415285847884,0.));
#3517=CARTESIAN_POINT('',(35.617754064714,-52.5415285847884,0.));
#3518=CARTESIAN_POINT('',(39.3147118083271,-53.25,0.));
#3519=CARTESIAN_POINT('Origin',(39.3147118083271,-43.25,0.));
#3520=CARTESIAN_POINT('',(118.75,-53.25,0.));
#3521=CARTESIAN_POINT('',(118.75,-53.25,0.));
#3522=CARTESIAN_POINT('',(126.963235185795,-48.9546268749861,0.));
#3523=CARTESIAN_POINT('Origin',(118.75,-43.2499999999999,0.));
#3524=CARTESIAN_POINT('',(134.775919028281,-37.7063171718635,0.));
#3525=CARTESIAN_POINT('',(134.775919028281,-37.7063171718635,0.));
#3526=CARTESIAN_POINT('',(136.25,-33.,0.));
#3527=CARTESIAN_POINT('Origin',(128.,-33.,0.));
#3528=CARTESIAN_POINT('',(136.25,33.,0.));
#3529=CARTESIAN_POINT('',(136.25,33.,0.));
#3530=CARTESIAN_POINT('Origin',(128.,33.,0.));
#3531=CARTESIAN_POINT('',(-90.0709154852578,-5.24576529523015,0.));
#3532=CARTESIAN_POINT('',(-66.2417452901363,18.5834048998919,-3.94430452610506E-30));
#3533=CARTESIAN_POINT('',(-92.3336571850548,-2.98302359543319,0.));
#3534=CARTESIAN_POINT('',(-77.3433217547642,12.0073118348574,0.));
#3535=CARTESIAN_POINT('Origin',(-91.2022863351563,-4.11439444533167,0.));
#3536=CARTESIAN_POINT('',(-58.7023342853863,-14.1144423955617,0.));
#3537=CARTESIAN_POINT('',(-49.7162124740461,-14.1144423955618,0.));
#3538=CARTESIAN_POINT('',(-58.7023342853863,-14.1144423955617,0.));
#3539=CARTESIAN_POINT('',(-68.7023342853862,-4.11444239556171,0.));
#3540=CARTESIAN_POINT('Origin',(-58.7023342853862,-4.11444239556172,0.));
#3541=CARTESIAN_POINT('',(-68.7023342853862,5.88555760443829,0.));
#3542=CARTESIAN_POINT('',(-68.7023342853862,5.88555760443829,0.));
#3543=CARTESIAN_POINT('',(-58.7023342853862,15.8855576044383,0.));
#3544=CARTESIAN_POINT('Origin',(-58.7023342853862,5.88555760443829,0.));
#3545=CARTESIAN_POINT('',(-49.7162124740462,15.8855576044382,0.));
#3546=CARTESIAN_POINT('',(-49.7162124740462,15.8855576044382,0.));
#3547=CARTESIAN_POINT('Origin',(-40.7023342853862,0.885557604438318,0.));
#3548=CARTESIAN_POINT('',(111.65,-36.6144423955618,0.));
#3549=CARTESIAN_POINT('Origin',(113.75,-36.6144423955618,0.));
#3550=CARTESIAN_POINT('',(111.65,38.3855576044383,0.));
#3551=CARTESIAN_POINT('Origin',(113.75,38.3855576044383,0.));
#3552=CARTESIAN_POINT('',(-45.9523342853862,20.8855576044383,0.));
#3553=CARTESIAN_POINT('Origin',(-44.2023342853862,20.8855576044383,0.));
#3554=CARTESIAN_POINT('',(-115.952334285386,-27.1144423955616,0.));
#3555=CARTESIAN_POINT('Origin',(-114.202334285386,-27.1144423955616,0.));
#3556=CARTESIAN_POINT('',(-115.952334285386,28.8855576044384,0.));
#3557=CARTESIAN_POINT('Origin',(-114.202334285386,28.8855576044384,0.));
#3558=CARTESIAN_POINT('',(-131.25,33.,0.));
#3559=CARTESIAN_POINT('Origin',(-128.,33.,0.));
#3560=CARTESIAN_POINT('',(-131.25,-33.,0.));
#3561=CARTESIAN_POINT('Origin',(-128.,-33.,0.));
#3562=CARTESIAN_POINT('',(124.75,-33.,0.));
#3563=CARTESIAN_POINT('Origin',(128.,-33.,0.));
#3564=CARTESIAN_POINT('',(124.75,33.,0.));
#3565=CARTESIAN_POINT('Origin',(128.,33.,0.));
#3566=CARTESIAN_POINT('',(-45.9523342853862,-19.1144423955617,0.));
#3567=CARTESIAN_POINT('Origin',(-44.2023342853862,-19.1144423955617,0.));
#3568=CARTESIAN_POINT('',(36.65,38.3855576044383,0.));
#3569=CARTESIAN_POINT('Origin',(38.75,38.3855576044383,0.));
#3570=CARTESIAN_POINT('',(36.65,-36.6144423955617,0.));
#3571=CARTESIAN_POINT('Origin',(38.75,-36.6144423955617,0.));
#3572=CARTESIAN_POINT('',(-80.0710113857176,4.75413880431002,0.));
#3573=CARTESIAN_POINT('',(-52.4029584755339,32.4221917144938,0.));
#3574=CARTESIAN_POINT('',(-82.3337530855146,7.01688050410697,0.));
#3575=CARTESIAN_POINT('Origin',(-81.2023822356161,5.88550965420849,0.));
#3576=CARTESIAN_POINT('',(-63.5045349401627,25.8460986494589,0.));
#3577=CARTESIAN_POINT('',(-82.3337530855146,-5.24576529523015,0.));
#3578=CARTESIAN_POINT('',(-54.2229213731116,-33.3565970076331,0.));
#3579=CARTESIAN_POINT('',(-80.0710113857176,-2.98302359543321,0.));
#3580=CARTESIAN_POINT('Origin',(-81.2023822356161,-4.11439444533168,0.));
#3581=CARTESIAN_POINT('',(-60.7990144381466,-22.2550205430043,0.));
#3582=CARTESIAN_POINT('',(-90.0709154852578,7.01688050410696,0.));
#3583=CARTESIAN_POINT('',(-90.0709154852578,7.01688050410696,0.));
#3584=CARTESIAN_POINT('',(-92.3336571850548,4.75413880431002,0.));
#3585=CARTESIAN_POINT('Origin',(-91.2022863351563,5.88550965420849,0.));
#3586=CARTESIAN_POINT('',(-68.0617081877136,-19.5178101930312,0.));
#3587=CARTESIAN_POINT('Origin',(-3.5527136788005E-14,0.,-5.));
#3588=CARTESIAN_POINT('',(126.963235185795,48.9546268749861,-5.));
#3589=CARTESIAN_POINT('',(134.775919028281,37.7063171718635,-5.));
#3590=CARTESIAN_POINT('',(126.963235185795,48.9546268749861,-5.));
#3591=CARTESIAN_POINT('',(136.25,33.,-5.));
#3592=CARTESIAN_POINT('Origin',(128.,33.,-5.));
#3593=CARTESIAN_POINT('',(136.25,-33.,-5.));
#3594=CARTESIAN_POINT('',(136.25,33.,-5.));
#3595=CARTESIAN_POINT('',(134.775919028281,-37.7063171718635,-5.));
#3596=CARTESIAN_POINT('Origin',(128.,-33.,-5.));
#3597=CARTESIAN_POINT('',(126.963235185795,-48.954626874986,-5.));
#3598=CARTESIAN_POINT('',(134.775919028281,-37.7063171718635,-5.));
#3599=CARTESIAN_POINT('',(118.75,-53.25,-5.));
#3600=CARTESIAN_POINT('Origin',(118.75,-43.2499999999999,-5.));
#3601=CARTESIAN_POINT('',(39.3147118083271,-53.25,-5.));
#3602=CARTESIAN_POINT('',(118.75,-53.25,-5.));
#3603=CARTESIAN_POINT('',(35.617754064714,-52.5415285847884,-5.));
#3604=CARTESIAN_POINT('Origin',(39.3147118083271,-43.25,-5.));
#3605=CARTESIAN_POINT('',(19.0726170881056,-45.9584712690441,-5.));
#3606=CARTESIAN_POINT('',(35.617754064714,-52.5415285847884,-5.));
#3607=CARTESIAN_POINT('',(15.375659711854,-45.25,-5.));
#3608=CARTESIAN_POINT('Origin',(15.375659711854,-55.25,-5.));
#3609=CARTESIAN_POINT('',(-120.602885683318,-45.25,-5.));
#3610=CARTESIAN_POINT('',(15.375659711854,-45.25,-5.));
#3611=CARTESIAN_POINT('',(-125.602885683518,-43.9102540377289,-5.));
#3612=CARTESIAN_POINT('Origin',(-120.602885683318,-35.25,-5.));
#3613=CARTESIAN_POINT('',(-132.125000000165,-40.1447095811263,-5.));
#3614=CARTESIAN_POINT('',(-125.602885683518,-43.9102540377289,-5.));
#3615=CARTESIAN_POINT('',(-136.202334285386,-32.1144423955614,-5.));
#3616=CARTESIAN_POINT('Origin',(-128.,-33.,-5.));
#3617=CARTESIAN_POINT('',(-136.202334285386,33.8855576044383,-5.));
#3618=CARTESIAN_POINT('',(-136.202334285386,-32.1144423955614,-5.));
#3619=CARTESIAN_POINT('',(-132.125000000165,40.1447095811264,-5.));
#3620=CARTESIAN_POINT('Origin',(-128.,33.,-5.));
#3621=CARTESIAN_POINT('',(-125.602885683518,43.9102540377289,-5.));
#3622=CARTESIAN_POINT('',(-132.125000000165,40.1447095811264,-5.));
#3623=CARTESIAN_POINT('',(-120.602885683318,45.25,-5.));
#3624=CARTESIAN_POINT('Origin',(-120.602885683318,35.25,-5.));
#3625=CARTESIAN_POINT('',(15.375659711854,45.25,-5.));
#3626=CARTESIAN_POINT('',(-120.602885683318,45.25,-5.));
#3627=CARTESIAN_POINT('',(19.0726170881057,45.9584712690441,-5.));
#3628=CARTESIAN_POINT('Origin',(15.375659711854,55.25,-5.));
#3629=CARTESIAN_POINT('',(35.617754064714,52.5415285847884,-5.));
#3630=CARTESIAN_POINT('',(19.0726170881057,45.9584712690441,-5.));
#3631=CARTESIAN_POINT('',(39.3147118083272,53.25,-5.));
#3632=CARTESIAN_POINT('Origin',(39.3147118083272,43.25,-5.));
#3633=CARTESIAN_POINT('',(118.75,53.25,-5.));
#3634=CARTESIAN_POINT('',(39.3147118083272,53.25,-5.));
#3635=CARTESIAN_POINT('Origin',(118.75,43.25,-5.));
#3636=CARTESIAN_POINT('',(-90.0709154852578,7.01688050410696,-5.));
#3637=CARTESIAN_POINT('',(-90.0709154852578,7.01688050410696,-5.));
#3638=CARTESIAN_POINT('',(-92.3336571850547,4.75413880431002,-5.));
#3639=CARTESIAN_POINT('',(-68.0617081877136,-19.5178101930312,-5.));
#3640=CARTESIAN_POINT('Origin',(-91.2022863351563,5.88550965420849,-5.));
#3641=CARTESIAN_POINT('',(-80.0710113857176,4.75413880431002,-5.));
#3642=CARTESIAN_POINT('',(-80.0710113857176,4.75413880431001,-5.));
#3643=CARTESIAN_POINT('',(-82.3337530855146,7.01688050410698,-5.));
#3644=CARTESIAN_POINT('',(-63.5045349401627,25.8460986494589,-5.));
#3645=CARTESIAN_POINT('Origin',(-81.2023822356161,5.88550965420849,-5.));
#3646=CARTESIAN_POINT('',(-82.3337530855146,-5.24576529523015,-5.));
#3647=CARTESIAN_POINT('',(-82.3337530855146,-5.24576529523015,-5.));
#3648=CARTESIAN_POINT('',(-80.0710113857176,-2.98302359543321,-5.));
#3649=CARTESIAN_POINT('',(-60.7990144381466,-22.2550205430043,-5.));
#3650=CARTESIAN_POINT('Origin',(-81.2023822356161,-4.11439444533168,-5.));
#3651=CARTESIAN_POINT('',(-58.7023342853863,-14.1144423955617,-5.));
#3652=CARTESIAN_POINT('',(-49.7162124740461,-14.1144423955618,-5.));
#3653=CARTESIAN_POINT('',(-58.7023342853863,-14.1144423955617,-5.));
#3654=CARTESIAN_POINT('',(-49.7162124740462,15.8855576044382,-5.));
#3655=CARTESIAN_POINT('Origin',(-40.7023342853862,0.885557604438318,-5.));
#3656=CARTESIAN_POINT('',(-58.7023342853862,15.8855576044383,-5.));
#3657=CARTESIAN_POINT('',(-49.7162124740462,15.8855576044382,-5.));
#3658=CARTESIAN_POINT('',(-68.7023342853862,5.88555760443829,-5.));
#3659=CARTESIAN_POINT('Origin',(-58.7023342853862,5.88555760443829,-5.));
#3660=CARTESIAN_POINT('',(-68.7023342853862,-4.11444239556171,-5.));
#3661=CARTESIAN_POINT('',(-68.7023342853862,5.88555760443829,-5.));
#3662=CARTESIAN_POINT('Origin',(-58.7023342853862,-4.11444239556172,-5.));
#3663=CARTESIAN_POINT('',(111.65,-36.6144423955618,-5.));
#3664=CARTESIAN_POINT('Origin',(113.75,-36.6144423955618,-5.));
#3665=CARTESIAN_POINT('',(111.65,38.3855576044383,-5.));
#3666=CARTESIAN_POINT('Origin',(113.75,38.3855576044383,-5.));
#3667=CARTESIAN_POINT('',(-45.9523342853862,20.8855576044383,-5.));
#3668=CARTESIAN_POINT('Origin',(-44.2023342853862,20.8855576044383,-5.));
#3669=CARTESIAN_POINT('',(-115.952334285386,-27.1144423955616,-5.));
#3670=CARTESIAN_POINT('Origin',(-114.202334285386,-27.1144423955616,-5.));
#3671=CARTESIAN_POINT('',(-115.952334285386,28.8855576044384,-5.));
#3672=CARTESIAN_POINT('Origin',(-114.202334285386,28.8855576044384,-5.));
#3673=CARTESIAN_POINT('',(-131.25,33.,-5.));
#3674=CARTESIAN_POINT('Origin',(-128.,33.,-5.));
#3675=CARTESIAN_POINT('',(-131.25,-33.,-5.));
#3676=CARTESIAN_POINT('Origin',(-128.,-33.,-5.));
#3677=CARTESIAN_POINT('',(124.75,-33.,-5.));
#3678=CARTESIAN_POINT('Origin',(128.,-33.,-5.));
#3679=CARTESIAN_POINT('',(124.75,33.,-5.));
#3680=CARTESIAN_POINT('Origin',(128.,33.,-5.));
#3681=CARTESIAN_POINT('',(-45.9523342853862,-19.1144423955617,-5.));
#3682=CARTESIAN_POINT('Origin',(-44.2023342853862,-19.1144423955617,-5.));
#3683=CARTESIAN_POINT('',(36.65,38.3855576044383,-5.));
#3684=CARTESIAN_POINT('Origin',(38.75,38.3855576044383,-5.));
#3685=CARTESIAN_POINT('',(36.65,-36.6144423955617,-5.));
#3686=CARTESIAN_POINT('Origin',(38.75,-36.6144423955617,-5.));
#3687=CARTESIAN_POINT('',(-90.0709154852578,-5.24576529523015,-5.));
#3688=CARTESIAN_POINT('',(-66.2417452901363,18.5834048998919,-5.));
#3689=CARTESIAN_POINT('',(-92.3336571850547,-2.98302359543319,-5.));
#3690=CARTESIAN_POINT('Origin',(-91.2022863351563,-4.11439444533167,-5.));
#3691=CARTESIAN_POINT('',(-92.3336571850548,-2.98302359543319,-5.));
#3692=CARTESIAN_POINT('Origin',(-102.940258902853,15.3607405221082,0.));
#3693=CARTESIAN_POINT('',(-92.3336571850548,4.75413880431002,0.));
#3694=CARTESIAN_POINT('Origin',(-90.0709154852578,7.01688050410696,0.));
#3695=CARTESIAN_POINT('',(-90.0709154852578,7.01688050410696,0.));
#3696=CARTESIAN_POINT('Origin',(-91.2022863351563,5.88550965420849,0.));
#3697=CARTESIAN_POINT('Origin',(-80.0710113857176,4.75413880431001,0.));
#3698=CARTESIAN_POINT('',(-80.0710113857176,4.75413880431002,0.));
#3699=CARTESIAN_POINT('Origin',(-81.2023822356161,5.88550965420849,0.));
#3700=CARTESIAN_POINT('',(-82.3337530855146,7.01688050410697,0.));
#3701=CARTESIAN_POINT('Origin',(-71.7271513677164,17.6234822219052,0.));
#3702=CARTESIAN_POINT('Origin',(-82.3337530855146,-5.24576529523015,0.));
#3703=CARTESIAN_POINT('',(-82.3337530855146,-5.24576529523015,0.));
#3704=CARTESIAN_POINT('Origin',(-81.2023822356161,-4.11439444533168,0.));
#3705=CARTESIAN_POINT('',(-80.0710113857176,-2.98302359543321,0.));
#3706=CARTESIAN_POINT('Origin',(-69.4644096679195,-13.5896253132314,0.));
#3707=CARTESIAN_POINT('Origin',(-92.3336571850548,-2.98302359543319,0.));
#3708=CARTESIAN_POINT('',(-92.3336571850548,-2.98302359543319,0.));
#3709=CARTESIAN_POINT('Origin',(-91.2022863351563,-4.11439444533167,0.));
#3710=CARTESIAN_POINT('',(-90.0709154852578,-5.24576529523015,0.));
#3711=CARTESIAN_POINT('Origin',(-100.677517203056,-15.8523670130283,0.));
#3712=CARTESIAN_POINT('Origin',(-58.7023342853862,-4.11444239556172,0.));
#3713=CARTESIAN_POINT('',(-58.7023342853863,-14.1144423955617,0.));
#3714=CARTESIAN_POINT('',(-68.7023342853862,-4.11444239556171,0.));
#3715=CARTESIAN_POINT('Origin',(-68.7023342853862,5.88555760443829,0.));
#3716=CARTESIAN_POINT('',(-68.7023342853862,5.88555760443829,0.));
#3717=CARTESIAN_POINT('Origin',(-58.7023342853862,5.88555760443829,0.));
#3718=CARTESIAN_POINT('',(-58.7023342853862,15.8855576044383,0.));
#3719=CARTESIAN_POINT('Origin',(-49.7162124740462,15.8855576044382,0.));
#3720=CARTESIAN_POINT('',(-49.7162124740462,15.8855576044382,0.));
#3721=CARTESIAN_POINT('Origin',(-40.7023342853862,0.885557604438318,0.));
#3722=CARTESIAN_POINT('',(-49.7162124740461,-14.1144423955618,0.));
#3723=CARTESIAN_POINT('Origin',(-58.7023342853863,-14.1144423955617,0.));
#3724=CARTESIAN_POINT('Origin',(113.75,-36.6144423955618,0.));
#3725=CARTESIAN_POINT('',(111.65,-36.6144423955618,0.));
#3726=CARTESIAN_POINT('Origin',(113.75,38.3855576044383,0.));
#3727=CARTESIAN_POINT('',(111.65,38.3855576044383,0.));
#3728=CARTESIAN_POINT('Origin',(-44.2023342853862,20.8855576044383,0.));
#3729=CARTESIAN_POINT('',(-45.9523342853862,20.8855576044383,0.));
#3730=CARTESIAN_POINT('Origin',(-114.202334285386,-27.1144423955616,0.));
#3731=CARTESIAN_POINT('',(-115.952334285386,-27.1144423955616,0.));
#3732=CARTESIAN_POINT('Origin',(-114.202334285386,28.8855576044384,0.));
#3733=CARTESIAN_POINT('',(-115.952334285386,28.8855576044384,0.));
#3734=CARTESIAN_POINT('Origin',(-128.,33.,0.));
#3735=CARTESIAN_POINT('',(-131.25,33.,0.));
#3736=CARTESIAN_POINT('Origin',(-128.,-33.,0.));
#3737=CARTESIAN_POINT('',(-131.25,-33.,0.));
#3738=CARTESIAN_POINT('Origin',(128.,-33.,0.));
#3739=CARTESIAN_POINT('',(124.75,-33.,0.));
#3740=CARTESIAN_POINT('Origin',(128.,33.,0.));
#3741=CARTESIAN_POINT('',(124.75,33.,0.));
#3742=CARTESIAN_POINT('Origin',(-44.2023342853862,-19.1144423955617,0.));
#3743=CARTESIAN_POINT('',(-45.9523342853862,-19.1144423955617,0.));
#3744=CARTESIAN_POINT('Origin',(38.75,38.3855576044383,0.));
#3745=CARTESIAN_POINT('',(36.65,38.3855576044383,0.));
#3746=CARTESIAN_POINT('Origin',(38.75,-36.6144423955617,0.));
#3747=CARTESIAN_POINT('',(36.65,-36.6144423955617,0.));
#3748=CARTESIAN_POINT('Origin',(118.75,43.25,0.));
#3749=CARTESIAN_POINT('',(126.963235185795,48.9546268749861,0.));
#3750=CARTESIAN_POINT('',(118.75,53.25,0.));
#3751=CARTESIAN_POINT('Origin',(39.3147118083272,53.25,0.));
#3752=CARTESIAN_POINT('',(39.3147118083272,53.25,0.));
#3753=CARTESIAN_POINT('Origin',(39.3147118083272,43.25,0.));
#3754=CARTESIAN_POINT('',(35.617754064714,52.5415285847884,0.));
#3755=CARTESIAN_POINT('Origin',(19.0726170881057,45.9584712690441,0.));
#3756=CARTESIAN_POINT('',(19.0726170881057,45.9584712690441,0.));
#3757=CARTESIAN_POINT('Origin',(15.375659711854,55.25,0.));
#3758=CARTESIAN_POINT('',(15.375659711854,45.25,0.));
#3759=CARTESIAN_POINT('Origin',(-120.602885683318,45.25,0.));
#3760=CARTESIAN_POINT('',(-120.602885683318,45.25,0.));
#3761=CARTESIAN_POINT('Origin',(-120.602885683318,35.25,0.));
#3762=CARTESIAN_POINT('',(-125.602885683518,43.9102540377289,0.));
#3763=CARTESIAN_POINT('Origin',(-132.125000000165,40.1447095811264,0.));
#3764=CARTESIAN_POINT('',(-132.125000000165,40.1447095811264,0.));
#3765=CARTESIAN_POINT('Origin',(-128.,33.,0.));
#3766=CARTESIAN_POINT('',(-136.202334285386,33.8855576044383,0.));
#3767=CARTESIAN_POINT('Origin',(-136.202334285386,-32.1144423955614,0.));
#3768=CARTESIAN_POINT('',(-136.202334285386,-32.1144423955614,0.));
#3769=CARTESIAN_POINT('Origin',(-128.,-33.,0.));
#3770=CARTESIAN_POINT('',(-132.125000000165,-40.1447095811263,0.));
#3771=CARTESIAN_POINT('Origin',(-125.602885683518,-43.9102540377289,0.));
#3772=CARTESIAN_POINT('',(-125.602885683518,-43.9102540377289,0.));
#3773=CARTESIAN_POINT('Origin',(-120.602885683318,-35.25,0.));
#3774=CARTESIAN_POINT('',(-120.602885683318,-45.25,0.));
#3775=CARTESIAN_POINT('Origin',(15.375659711854,-45.25,0.));
#3776=CARTESIAN_POINT('',(15.375659711854,-45.25,0.));
#3777=CARTESIAN_POINT('Origin',(15.375659711854,-55.25,0.));
#3778=CARTESIAN_POINT('',(19.0726170881056,-45.9584712690441,0.));
#3779=CARTESIAN_POINT('Origin',(35.617754064714,-52.5415285847884,0.));
#3780=CARTESIAN_POINT('',(35.617754064714,-52.5415285847884,0.));
#3781=CARTESIAN_POINT('Origin',(39.3147118083271,-43.25,0.));
#3782=CARTESIAN_POINT('',(39.3147118083271,-53.25,0.));
#3783=CARTESIAN_POINT('Origin',(118.75,-53.25,0.));
#3784=CARTESIAN_POINT('',(118.75,-53.25,0.));
#3785=CARTESIAN_POINT('Origin',(118.75,-43.2499999999999,0.));
#3786=CARTESIAN_POINT('',(126.963235185795,-48.9546268749861,0.));
#3787=CARTESIAN_POINT('Origin',(134.775919028281,-37.7063171718635,0.));
#3788=CARTESIAN_POINT('',(134.775919028281,-37.7063171718635,0.));
#3789=CARTESIAN_POINT('Origin',(128.,-33.,0.));
#3790=CARTESIAN_POINT('',(136.25,-33.,0.));
#3791=CARTESIAN_POINT('Origin',(136.25,33.,0.));
#3792=CARTESIAN_POINT('',(136.25,33.,0.));
#3793=CARTESIAN_POINT('Origin',(128.,33.,0.));
#3794=CARTESIAN_POINT('',(134.775919028281,37.7063171718635,0.));
#3795=CARTESIAN_POINT('Origin',(126.963235185795,48.9546268749861,0.));
#3796=CARTESIAN_POINT('',(123.125,-61.5000000000002,-4.44089209850063E-15));
#3797=CARTESIAN_POINT('',(26.,36.2,-5.));
#3798=CARTESIAN_POINT('',(-48.7000009685755,31.25,-1.80966353013901E-15));
#3799=UNCERTAINTY_MEASURE_WITH_UNIT(LENGTH_MEASURE(0.01),#3809,
'DISTANCE_ACCURACY_VALUE',
'Maximum model space distance between geometric entities at asserted c
onnectivities');
#3800=UNCERTAINTY_MEASURE_WITH_UNIT(LENGTH_MEASURE(0.01),#3809,
'DISTANCE_ACCURACY_VALUE',
'Maximum model space distance between geometric entities at asserted c
onnectivities');
#3801=UNCERTAINTY_MEASURE_WITH_UNIT(LENGTH_MEASURE(0.01),#3809,
'DISTANCE_ACCURACY_VALUE',
'Maximum model space distance between geometric entities at asserted c
onnectivities');
#3802=UNCERTAINTY_MEASURE_WITH_UNIT(LENGTH_MEASURE(0.01),#3809,
'DISTANCE_ACCURACY_VALUE',
'Maximum model space distance between geometric entities at asserted c
onnectivities');
#3803=UNCERTAINTY_MEASURE_WITH_UNIT(LENGTH_MEASURE(0.01),#3809,
'DISTANCE_ACCURACY_VALUE',
'Maximum model space distance between geometric entities at asserted c
onnectivities');
#3804=(
GEOMETRIC_REPRESENTATION_CONTEXT(3)
GLOBAL_UNCERTAINTY_ASSIGNED_CONTEXT((#3799))
GLOBAL_UNIT_ASSIGNED_CONTEXT((#3809,#3811,#3812))
REPRESENTATION_CONTEXT('','3D')
);
#3805=(
GEOMETRIC_REPRESENTATION_CONTEXT(3)
GLOBAL_UNCERTAINTY_ASSIGNED_CONTEXT((#3800))
GLOBAL_UNIT_ASSIGNED_CONTEXT((#3809,#3811,#3812))
REPRESENTATION_CONTEXT('','3D')
);
#3806=(
GEOMETRIC_REPRESENTATION_CONTEXT(3)
GLOBAL_UNCERTAINTY_ASSIGNED_CONTEXT((#3801))
GLOBAL_UNIT_ASSIGNED_CONTEXT((#3809,#3811,#3812))
REPRESENTATION_CONTEXT('','3D')
);
#3807=(
GEOMETRIC_REPRESENTATION_CONTEXT(3)
GLOBAL_UNCERTAINTY_ASSIGNED_CONTEXT((#3802))
GLOBAL_UNIT_ASSIGNED_CONTEXT((#3809,#3811,#3812))
REPRESENTATION_CONTEXT('','3D')
);
#3808=(
GEOMETRIC_REPRESENTATION_CONTEXT(3)
GLOBAL_UNCERTAINTY_ASSIGNED_CONTEXT((#3803))
GLOBAL_UNIT_ASSIGNED_CONTEXT((#3809,#3811,#3812))
REPRESENTATION_CONTEXT('','3D')
);
#3809=(
LENGTH_UNIT()
NAMED_UNIT(*)
SI_UNIT(.MILLI.,.METRE.)
);
#3810=(
LENGTH_UNIT()
NAMED_UNIT(*)
SI_UNIT($,.METRE.)
);
#3811=(
NAMED_UNIT(*)
PLANE_ANGLE_UNIT()
SI_UNIT($,.RADIAN.)
);
#3812=(
NAMED_UNIT(*)
SI_UNIT($,.STERADIAN.)
SOLID_ANGLE_UNIT()
);
#3813=SHAPE_DEFINITION_REPRESENTATION(#3817,#3824);
#3814=SHAPE_DEFINITION_REPRESENTATION(#3818,#3825);
#3815=SHAPE_DEFINITION_REPRESENTATION(#3819,#3826);
#3816=SHAPE_DEFINITION_REPRESENTATION(#3820,#3827);
#3817=PRODUCT_DEFINITION_SHAPE('',$,#3829);
#3818=PRODUCT_DEFINITION_SHAPE('',$,#3830);
#3819=PRODUCT_DEFINITION_SHAPE('',$,#3831);
#3820=PRODUCT_DEFINITION_SHAPE('',$,#3832);
#3821=PRODUCT_DEFINITION_SHAPE($,$,#20);
#3822=PRODUCT_DEFINITION_SHAPE($,$,#21);
#3823=PRODUCT_DEFINITION_SHAPE($,$,#22);
#3824=SHAPE_REPRESENTATION('',(#2271,#2511,#2512,#2513),#3804);
#3825=SHAPE_REPRESENTATION('',(#2272),#3805);
#3826=SHAPE_REPRESENTATION('',(#2303),#3806);
#3827=SHAPE_REPRESENTATION('',(#2322),#3807);
#3828=PRODUCT_DEFINITION_CONTEXT('part definition',#3842,'design');
#3829=PRODUCT_DEFINITION('None','magp_base_plate v13',#3833,#3828);
#3830=PRODUCT_DEFINITION('jetson_orin_case','jetson_orin_case v11',#3834,
#3828);
#3831=PRODUCT_DEFINITION('power_supply_base','power_supply_base v8',#3835,
#3828);
#3832=PRODUCT_DEFINITION('motor_driver','motor_driver v2',#3836,#3828);
#3833=PRODUCT_DEFINITION_FORMATION('',$,#3844);
#3834=PRODUCT_DEFINITION_FORMATION('',$,#3845);
#3835=PRODUCT_DEFINITION_FORMATION('',$,#3846);
#3836=PRODUCT_DEFINITION_FORMATION('',$,#3847);
#3837=PRODUCT_RELATED_PRODUCT_CATEGORY('magp_base_plate v13',
'magp_base_plate v13',(#3844));
#3838=PRODUCT_RELATED_PRODUCT_CATEGORY('jetson_orin_case v11',
'jetson_orin_case v11',(#3845));
#3839=PRODUCT_RELATED_PRODUCT_CATEGORY('power_supply_base v8',
'power_supply_base v8',(#3846));
#3840=PRODUCT_RELATED_PRODUCT_CATEGORY('motor_driver v2',
'motor_driver v2',(#3847));
#3841=APPLICATION_PROTOCOL_DEFINITION('international standard',
'automotive_design',2009,#3842);
#3842=APPLICATION_CONTEXT(
'Core Data for Automotive Mechanical Design Process');
#3843=PRODUCT_CONTEXT('part definition',#3842,'mechanical');
#3844=PRODUCT('None','magp_base_plate v13',$,(#3843));
#3845=PRODUCT('jetson_orin_case','jetson_orin_case v11',$,(#3843));
#3846=PRODUCT('power_supply_base','power_supply_base v8',$,(#3843));
#3847=PRODUCT('motor_driver','motor_driver v2',$,(#3843));
#3848=PRESENTATION_STYLE_ASSIGNMENT((#3850));
#3849=PRESENTATION_STYLE_ASSIGNMENT((#3851));
#3850=SURFACE_STYLE_USAGE(.BOTH.,#3852);
#3851=SURFACE_STYLE_USAGE(.BOTH.,#3853);
#3852=SURFACE_SIDE_STYLE('',(#3854));
#3853=SURFACE_SIDE_STYLE('',(#3855));
#3854=SURFACE_STYLE_FILL_AREA(#3856);
#3855=SURFACE_STYLE_FILL_AREA(#3857);
#3856=FILL_AREA_STYLE('Default',(#3858));
#3857=FILL_AREA_STYLE('Steel - Satin',(#3859));
#3858=FILL_AREA_STYLE_COLOUR('Default',#3860);
#3859=FILL_AREA_STYLE_COLOUR('Steel - Satin',#3861);
#3860=COLOUR_RGB('Default',0.749019607843137,0.749019607843137,0.749019607843137);
#3861=COLOUR_RGB('Steel - Satin',0.627450980392157,0.627450980392157,0.627450980392157);
ENDSEC;
END-ISO-10303-21;
